Date,Close,Open,High,Low,Change,Volume
2022-02-25,23.0,23.0,23.0,23.0,0.0,0.0
2022-02-24,23.0,25.0,25.0,23.0,-1.2,200.0
2022-02-23,24.2,23.4,24.2,23.4,0.8,2111.0
2022-02-22,23.4,23.4,23.4,23.4,-0.9,1700.0
2022-02-21,24.3,26.8,26.8,24.2,-2.5,2200.0
2022-02-18,26.8,27.0,27.0,26.8,-0.2,2300.0
2022-02-17,27.0,27.0,27.0,27.0,0.0,300.0
2022-02-16,27.0,27.0,27.0,27.0,0.0,500.0
2022-02-15,27.0,27.0,27.0,27.0,0.0,1100.0
2022-02-14,27.0,28.3,28.3,27.0,-1.3,800.0
2022-02-11,28.3,26.8,28.3,26.8,2.2,3400.0
2022-02-10,26.1,25.9,26.1,25.9,0.3,1400.0
2022-02-09,25.8,25.7,25.8,25.7,-0.2,1400.0
2022-02-08,26.0,26.0,26.0,26.0,0.0,0.0
2022-02-07,26.0,26.0,26.0,26.0,0.0,0.0
2022-01-28,26.0,26.2,26.2,26.0,-0.1,200.0
2022-01-27,26.1,24.6,27.5,24.6,1.1,1900.0
2022-01-26,25.0,25.0,25.0,25.0,0.0,0.0
2022-01-25,25.0,25.0,25.0,25.0,0.0,0.0
2022-01-24,25.0,25.0,25.0,25.0,0.0,0.0
2022-01-21,25.0,25.0,25.0,25.0,1.6,1240.0
2022-01-20,23.4,23.4,23.4,23.4,-0.1,300.0
2022-01-19,23.5,23.5,23.5,23.5,0.0,0.0
2022-01-18,23.5,21.8,23.5,21.5,0.0,900.0
2022-01-17,23.5,23.6,23.6,23.5,0.2,200.0
2022-01-14,23.3,23.3,23.3,23.3,0.0,0.0
2022-01-13,23.3,23.3,23.3,23.3,0.0,7.0
2022-01-12,23.3,23.3,23.3,23.3,0.0,0.0
2022-01-11,23.3,23.3,23.3,23.3,0.0,200.0
2022-01-10,23.3,23.3,23.3,23.3,0.0,0.0
2022-01-07,23.3,23.3,23.3,23.3,0.0,900.0
2022-01-06,23.3,22.5,23.3,22.5,0.3,5287.0
2022-01-05,23.0,23.0,23.0,23.0,0.0,1700.0
2022-01-04,23.0,23.0,23.0,23.0,0.5,300.0
2021-12-31,22.5,22.5,22.5,22.5,1.2,306.0
2021-12-30,21.3,21.3,21.3,21.3,0.0,0.0
2021-12-29,21.3,21.3,21.3,21.3,0.0,0.0
2021-12-28,21.3,21.3,21.3,21.3,0.0,0.0
2021-12-27,21.3,21.3,21.3,21.3,-1.7,100.0
2021-12-24,23.0,23.0,23.0,23.0,0.0,0.0
2021-12-23,23.0,23.0,23.0,23.0,0.0,0.0
2021-12-22,23.0,23.0,23.0,23.0,0.0,0.0
2021-12-21,23.0,23.0,23.0,23.0,0.8,778.0
2021-12-20,22.2,22.2,22.2,22.2,0.0,0.0
2021-12-17,22.2,22.3,22.3,22.2,0.1,3000.0
2021-12-16,22.1,22.1,22.1,22.1,0.0,10.0
2021-12-15,22.1,22.1,22.1,22.1,-1.4,100.0
2021-12-14,23.5,22.5,23.5,22.5,0.9,4500.0
2021-12-13,22.6,22.1,22.6,22.1,1.1,6480.0
2021-12-10,21.5,21.5,21.5,21.5,-1.8,100.0
2021-12-09,23.3,23.2,23.3,23.2,1.3,2000.0
2021-12-08,22.0,23.0,23.0,22.0,-1.4,5000.0
2021-12-07,23.4,23.4,23.4,23.4,-0.1,2137.0
2021-12-06,23.5,23.5,23.5,23.5,0.0,38.0
2021-12-03,23.5,23.5,23.5,23.5,0.0,0.0
2021-12-02,23.5,23.4,23.5,23.0,0.1,5800.0
2021-12-01,23.4,23.4,23.4,23.4,2.1,100.0
2021-11-30,21.3,21.5,21.5,21.1,-1.1,3200.0
2021-11-29,22.4,22.4,22.4,22.4,0.0,0.0
2021-11-26,22.4,22.4,22.4,22.4,0.0,0.0
2021-11-25,22.4,22.3,22.4,22.3,-0.1,12300.0
2021-11-24,22.5,22.5,22.5,22.5,1.3,101.0
2021-11-23,21.2,21.2,21.2,21.2,0.0,300.0
2021-11-22,21.2,21.2,21.2,21.2,0.0,600.0
2021-11-19,21.2,21.2,21.2,21.2,0.0,50.0
2021-11-18,21.2,21.2,21.2,21.2,-1.8,1900.0
2021-11-17,23.0,23.0,23.0,23.0,0.0,90.0
2021-11-16,23.0,23.0,23.0,23.0,0.0,10.0
2021-11-15,23.0,21.1,23.0,20.7,0.0,5200.0
2021-11-12,23.0,23.0,23.0,23.0,0.0,0.0
2021-11-11,23.0,23.0,23.0,23.0,2.0,175.0
2021-11-10,21.0,21.1,21.1,21.0,-1.9,2000.0
2021-11-09,22.9,22.8,22.9,22.8,0.4,2400.0
2021-11-08,22.5,22.5,22.5,22.5,-0.6,300.0
2021-11-05,23.1,23.5,23.5,23.0,-0.6,568.0
2021-11-04,23.7,23.7,23.7,23.7,0.0,0.0
2021-11-03,23.7,23.7,23.7,23.7,0.0,0.0
2021-11-02,23.7,23.0,23.8,23.0,1.6,2500.0
2021-11-01,22.1,21.9,22.1,21.9,-1.0,1200.0
2021-10-29,23.1,23.1,23.1,23.1,-0.1,1000.0
2021-10-28,23.2,23.2,23.2,23.2,0.4,100.0
2021-10-27,22.8,22.8,22.8,22.8,0.0,112.0
2021-10-26,22.8,22.0,22.8,22.0,0.3,1300.0
2021-10-25,22.5,22.6,22.6,22.0,-0.1,2600.0
2021-10-22,22.6,22.8,22.8,22.6,-0.3,1400.0
2021-10-21,22.9,22.9,22.9,22.9,0.0,0.0
2021-10-20,22.9,22.9,22.9,22.9,0.0,0.0
2021-10-19,22.9,22.9,22.9,22.9,0.0,0.0
2021-10-18,22.9,22.9,22.9,22.9,0.0,0.0
2021-10-15,22.9,22.9,22.9,22.9,0.0,0.0
2021-10-14,22.9,22.9,22.9,22.9,1.3,146.0
2021-10-13,21.6,21.6,23.0,21.5,-0.3,4300.0
2021-10-12,21.9,21.1,21.9,21.1,-0.1,8300.0
2021-10-11,22.0,21.9,22.0,21.9,0.9,2060.0
2021-10-08,21.1,21.1,21.1,21.1,0.0,0.0
2021-10-07,21.1,21.1,21.1,21.1,0.0,0.0
2021-10-06,21.1,21.1,21.1,21.1,0.0,2100.0
2021-10-05,21.1,21.1,21.1,21.1,0.0,100.0
2021-10-04,21.1,21.1,21.1,21.1,0.0,0.0
2021-10-01,21.1,21.1,21.1,21.1,0.0,0.0
2021-09-30,21.1,21.1,21.1,21.1,0.1,100.0
2021-09-29,21.0,21.0,21.0,21.0,0.2,200.0
2021-09-28,20.8,20.8,20.8,20.8,-2.2,100.0
2021-09-27,23.0,23.0,23.0,23.0,0.0,0.0
2021-09-24,23.0,23.0,23.0,23.0,1.0,200.0
2021-09-23,22.0,22.0,22.0,22.0,0.0,0.0
2021-09-22,22.0,22.0,22.0,22.0,0.0,0.0
2021-09-21,22.0,22.0,22.0,22.0,-0.5,100.0
2021-09-20,22.5,22.4,22.5,22.4,1.0,600.0
2021-09-17,21.5,21.5,21.5,21.5,0.0,1600.0
2021-09-16,21.5,20.6,21.5,20.3,0.3,1925.0
2021-09-15,21.2,22.5,22.5,21.2,-0.8,3502.0
2021-09-14,22.0,21.9,22.0,21.9,0.0,3010.0
2021-09-13,22.0,22.0,22.0,22.0,0.0,915.0
2021-09-10,22.0,22.0,22.0,22.0,0.0,0.0
2021-09-09,22.0,22.0,22.0,22.0,0.0,100.0
2021-09-08,22.0,19.9,22.0,19.9,0.0,2205.0
2021-09-07,22.0,22.0,22.0,22.0,1.0,100.0
2021-09-06,21.0,21.0,21.0,21.0,0.0,0.0
2021-09-01,21.0,21.0,21.0,21.0,0.0,3030.0
2021-08-31,21.0,21.0,21.0,21.0,0.0,0.0
2021-08-30,21.0,21.4,21.4,21.0,0.7,212.0
2021-08-27,20.3,20.3,20.3,20.3,-2.2,300.0
2021-08-26,22.5,22.5,22.5,22.5,0.0,25.0
2021-08-25,22.5,22.5,22.5,22.5,0.0,0.0
2021-08-24,22.5,22.5,22.5,22.5,1.5,100.0
2021-08-23,21.0,21.0,21.0,21.0,0.0,900.0
2021-08-20,21.0,20.2,21.0,20.2,0.8,700.0
2021-08-19,20.2,20.2,20.2,20.2,0.0,200.0
2021-08-18,20.2,20.2,20.2,20.2,0.0,0.0
2021-08-17,20.2,20.2,20.2,20.2,0.0,1000.0
2021-08-16,20.2,20.0,20.2,20.0,0.4,1700.0
2021-08-13,19.8,19.8,19.8,19.8,-1.6,600.0
2021-08-12,21.4,19.5,21.4,19.5,-0.1,725.0
2021-08-11,21.5,19.8,21.5,19.8,1.7,712.0
2021-08-10,19.8,19.8,19.8,19.8,-0.1,700.0
2021-08-09,19.9,19.9,19.9,19.9,0.0,0.0
2021-08-06,19.9,19.9,19.9,19.9,0.0,0.0
2021-08-05,19.9,19.9,19.9,19.9,0.7,100.0
2021-08-04,19.2,19.2,19.2,19.2,-0.8,200.0
2021-08-03,20.0,19.6,20.0,19.6,0.4,1600.0
2021-08-02,19.6,19.6,19.6,19.6,0.0,0.0
2021-07-30,19.6,19.6,19.6,19.6,0.1,100.0
2021-07-29,19.5,19.5,19.5,19.5,0.0,0.0
2021-07-28,19.5,19.5,19.5,19.5,0.4,1410.0
2021-07-27,19.1,19.1,19.1,19.1,0.0,62.0
2021-07-26,19.1,19.5,19.5,19.1,-0.4,400.0
2021-07-23,19.5,19.5,19.5,19.5,0.0,0.0
2021-07-22,19.5,19.5,19.5,19.5,0.1,200.0
2021-07-21,19.4,19.4,19.4,19.4,-1.9,100.0
2021-07-20,21.3,21.3,21.3,21.3,0.0,0.0
2021-07-19,21.3,21.3,21.3,21.3,0.0,0.0
2021-07-16,21.3,20.0,21.3,20.0,1.8,1200.0
2021-07-15,19.5,19.5,19.5,19.5,0.0,0.0
2021-07-14,19.5,19.0,19.7,19.0,0.5,2700.0
2021-07-13,19.0,19.0,19.0,19.0,0.0,0.0
2021-07-12,19.0,20.0,20.0,19.0,-1.0,700.0
2021-07-09,20.0,20.0,20.0,20.0,0.0,2025.0
2021-07-08,20.0,20.0,20.0,20.0,0.0,25.0
2021-07-07,20.0,20.0,20.0,20.0,0.0,0.0
2021-07-06,20.0,20.0,20.0,20.0,0.0,2400.0
2021-07-05,20.0,20.0,20.0,20.0,0.4,2500.0
2021-07-02,19.6,19.6,19.6,19.6,0.0,0.0
2021-07-01,19.6,19.6,19.6,19.6,0.0,0.0
2021-06-30,19.6,19.6,19.6,19.6,-0.4,1021.0
2021-06-29,20.0,20.0,20.0,20.0,0.2,3600.0
2021-06-28,19.8,19.8,19.8,19.8,0.0,0.0
2021-06-25,19.8,19.8,19.8,19.8,0.0,0.0
2021-06-24,19.8,19.8,19.8,19.8,-0.2,399.0
2021-06-23,20.0,20.0,20.0,20.0,0.0,300.0
2021-06-22,20.0,20.0,20.0,20.0,0.2,506.0
2021-06-21,19.8,19.8,19.8,19.8,0.0,0.0
2021-06-18,19.8,19.9,19.9,19.8,-0.4,200.0
2021-06-17,20.2,20.2,20.2,20.2,0.0,100.0
2021-06-16,20.2,20.2,20.2,20.2,0.0,60.0
2021-06-15,20.2,20.2,20.2,20.2,0.0,10.0
2021-06-14,20.2,20.5,20.5,20.2,0.4,500.0
2021-06-11,19.8,19.8,19.8,19.8,0.0,0.0
2021-06-10,19.8,20.0,20.0,19.7,-0.2,1200.0
2021-06-09,20.0,20.0,20.0,20.0,0.0,0.0
2021-06-08,20.0,20.0,20.0,20.0,0.0,0.0
2021-06-07,20.0,20.0,20.8,20.0,-0.8,600.0
2021-06-04,20.8,20.9,20.9,20.8,0.0,493.0
2021-06-03,20.0,20.1,20.1,20.0,0.2,300.0
2021-06-02,19.8,20.0,20.0,19.8,0.0,1200.0
2021-06-01,19.8,20.6,20.6,19.6,0.0,5200.0
2021-05-31,19.8,19.0,20.9,19.0,-1.2,600.0
2021-05-28,21.0,21.0,21.0,21.0,0.0,100.0
2021-05-27,21.0,21.0,21.0,21.0,0.0,14.0
2021-05-26,21.0,20.2,21.0,20.2,-0.2,2300.0
2021-05-25,21.2,21.2,21.2,21.2,0.0,115.0
2021-05-24,21.2,21.2,21.2,21.2,0.0,0.0
2021-05-21,21.2,20.6,21.3,19.0,0.6,2840.0
2021-05-20,20.6,20.0,20.6,20.0,0.5,3510.0
2021-05-19,20.1,20.1,20.1,20.1,0.0,0.0
2021-05-18,20.1,20.1,20.1,20.1,0.0,0.0
2021-05-17,20.1,21.1,21.1,20.1,0.0,300.0
2021-05-14,20.1,20.1,20.1,20.1,-0.4,200.0
2021-05-13,20.5,20.5,20.5,20.5,0.0,10.0
2021-05-12,20.5,20.5,20.5,20.5,0.0,0.0
2021-05-11,20.5,20.6,20.6,20.5,-0.8,500.0
2021-05-10,21.3,20.5,21.3,19.8,-0.2,1400.0
2021-05-07,21.5,21.5,21.5,21.5,-0.2,200.0
2021-05-06,21.7,21.7,21.7,21.7,0.0,0.0
2021-05-05,21.7,21.5,21.7,20.5,-0.1,400.0
2021-05-04,21.8,20.3,21.8,20.3,1.5,400.0
2021-04-29,20.3,20.3,20.3,20.3,0.0,300.0
2021-04-28,20.3,20.0,20.3,20.0,-1.2,500.0
2021-04-27,21.5,21.5,21.5,21.5,0.0,0.0
2021-04-26,21.5,21.5,21.5,21.5,0.0,0.0
2021-04-23,21.5,21.5,21.5,21.5,0.5,100.0
2021-04-22,21.0,21.0,21.0,21.0,0.0,300.0
2021-04-20,21.0,21.0,21.0,21.0,0.3,100.0
2021-04-19,20.7,20.6,20.7,20.5,-0.8,619.0
2021-04-16,21.5,21.5,21.5,21.5,0.0,0.0
2021-04-15,21.5,21.5,21.5,21.5,0.0,100.0
2021-04-14,21.5,21.5,21.5,21.5,0.0,50.0
2021-04-13,21.5,21.5,21.5,21.5,0.1,700.0
2021-04-12,21.4,22.1,22.5,21.2,-0.7,1300.0
2021-04-09,22.1,22.1,22.1,22.1,0.1,1400.0
2021-04-08,22.0,21.2,22.0,21.0,0.8,3610.0
2021-04-07,21.2,21.0,22.0,21.0,-1.2,4900.0
2021-04-06,22.4,22.5,22.5,22.4,0.4,200.0
2021-04-05,22.0,22.1,22.1,22.0,0.0,800.0
2021-04-02,22.0,22.0,22.0,21.6,0.0,900.0
2021-04-01,22.0,22.0,22.5,22.0,0.0,900.0
2021-03-31,22.0,21.5,22.0,21.2,0.4,3215.0
2021-03-30,21.6,21.5,21.6,21.5,-1.1,925.0
2021-03-29,22.7,21.6,22.7,21.6,1.2,2900.0
2021-03-26,21.5,20.8,21.5,20.5,0.5,8300.0
2021-03-25,21.0,20.5,21.0,20.5,0.5,2610.0
2021-03-24,20.5,22.2,22.2,20.5,-1.7,2665.0
2021-03-23,22.2,23.0,23.0,22.2,-1.0,5100.0
2021-03-22,23.2,23.5,23.6,23.2,-0.5,1900.0
2021-03-19,23.7,23.7,23.7,23.7,0.0,105.0
2021-03-18,23.7,24.0,24.1,23.7,-0.3,2210.0
2021-03-17,25.5,24.9,25.5,24.9,0.2,2287.0
2021-03-16,25.3,25.1,25.3,25.0,0.3,9183.0
2021-03-15,25.0,25.1,25.1,25.0,0.0,7410.0
2021-03-12,25.0,25.1,25.1,25.0,-0.1,5200.0
2021-03-11,25.1,25.2,25.2,25.1,-0.1,3240.0
2021-03-10,25.2,24.9,25.2,24.9,1.2,6400.0
2021-03-09,24.0,25.0,25.0,24.0,-0.3,2050.0
2021-03-08,24.3,25.3,25.3,24.0,-1.2,1400.0
2021-03-05,25.5,25.7,25.7,25.5,0.0,2926.0
2021-03-04,25.5,25.5,25.5,23.4,0.0,1600.0
2021-03-03,25.5,25.5,25.5,23.4,2.3,4681.0
2021-03-02,23.2,23.2,23.2,23.2,0.2,500.0
2021-03-01,23.0,23.2,23.2,23.0,-0.2,6600.0
2021-02-26,23.2,23.0,23.2,23.0,-0.1,4446.0
2021-02-25,23.3,23.3,23.3,23.3,0.0,0.0
2021-02-24,23.3,23.3,23.3,23.3,0.0,0.0
2021-02-23,23.3,23.3,23.3,23.3,0.8,100.0
2021-02-22,22.5,22.5,22.5,22.5,0.9,110.0
2021-02-19,21.6,21.6,21.6,21.6,0.1,100.0
2021-02-18,21.5,22.9,22.9,21.5,-1.4,1193.0
2021-02-17,22.9,22.9,22.9,22.9,0.0,0.0
2021-02-09,22.9,22.9,22.9,22.9,0.0,0.0
2021-02-08,22.9,22.9,22.9,22.9,0.0,0.0
2021-02-05,22.9,23.5,23.5,21.1,0.6,500.0
2021-02-04,22.3,22.3,22.3,22.3,-0.2,100.0
2021-02-03,22.5,21.2,22.5,21.2,-0.1,200.0
2021-02-02,22.6,21.2,22.6,21.0,-0.1,3400.0
2021-02-01,22.7,21.0,22.7,21.0,-0.1,2100.0
2021-01-29,22.8,22.8,22.8,22.7,2.0,1500.0
2021-01-28,20.8,20.8,20.8,20.8,-2.1,600.0
2021-01-27,22.9,22.9,22.9,22.9,0.0,0.0
2021-01-26,22.9,22.9,22.9,22.9,0.0,0.0
2021-01-25,22.9,22.9,22.9,22.9,0.0,0.0
2021-01-22,22.9,22.9,22.9,22.9,0.0,400.0
2021-01-21,22.9,22.2,22.9,22.2,0.7,2700.0
2021-01-20,22.2,22.2,22.2,22.2,0.1,500.0
2021-01-19,22.1,22.1,22.1,22.1,0.0,1200.0
2021-01-18,22.1,21.5,22.1,21.5,-0.4,3200.0
2021-01-15,22.5,22.5,22.5,22.5,0.3,4500.0
2021-01-14,22.2,23.0,23.0,22.2,-1.1,5609.0
2021-01-13,23.3,23.3,23.3,23.3,0.0,1528.0
2021-01-12,23.3,23.1,23.3,23.1,0.2,1500.0
2021-01-11,23.1,24.5,24.5,23.1,0.0,1440.0
2021-01-08,23.1,23.1,23.1,23.1,-2.2,100.0
2021-01-07,25.3,25.3,25.3,25.3,2.2,100.0
2021-01-06,23.1,23.1,23.1,22.3,0.1,947.0
2021-01-05,23.0,22.2,23.8,22.2,-0.8,1000.0
2021-01-04,23.8,29.0,29.0,23.8,-2.6,9825.0
2020-12-31,26.4,26.4,26.4,26.4,0.0,45.0
2020-12-30,26.4,26.4,26.4,26.4,2.4,125.0
2020-12-29,24.0,23.9,25.0,23.9,-2.5,1200.0
2020-12-28,26.5,26.5,26.5,26.5,2.4,100.0
2020-12-25,24.1,24.1,24.1,24.1,0.0,0.0
2020-12-24,24.1,24.1,24.1,24.1,0.0,0.0
2020-12-23,24.1,24.1,24.1,24.1,0.0,46.0
2020-12-22,24.1,24.2,24.2,24.1,2.1,500.0
2020-12-21,22.0,23.0,23.0,22.0,-1.5,500.0
2020-12-18,23.5,23.5,23.5,23.5,0.0,0.0
2020-12-17,23.5,23.5,23.5,23.5,0.0,0.0
2020-12-16,23.5,23.0,23.5,23.0,-0.7,600.0
2020-12-15,24.2,24.2,24.2,24.2,0.0,0.0
2020-12-14,24.2,24.2,24.2,24.2,0.0,0.0
2020-12-11,24.2,24.2,24.2,24.2,0.0,0.0
2020-12-10,24.2,24.2,24.2,24.2,0.0,0.0
2020-12-09,24.2,24.2,24.2,24.2,2.2,100.0
2020-12-08,22.0,22.0,22.0,22.0,-1.4,125.0
2020-12-07,23.4,23.4,23.4,23.4,0.0,0.0
2020-12-04,23.4,23.4,23.4,23.4,0.0,0.0
2020-12-03,23.4,23.4,23.4,23.4,0.0,0.0
2020-12-02,23.4,23.4,23.4,23.4,-2.5,300.0
2020-12-01,25.9,25.9,25.9,25.9,2.0,100.0
2020-11-30,23.9,23.9,23.9,23.9,0.0,0.0
2020-11-27,23.9,23.9,23.9,23.9,1.9,100.0
2020-11-26,22.0,22.0,22.0,22.0,0.0,0.0
2020-11-25,22.0,22.0,22.0,22.0,0.0,25.0
2020-11-24,22.0,22.0,22.0,22.0,0.0,0.0
2020-11-23,22.0,22.0,22.0,22.0,0.0,600.0
2020-11-20,22.0,22.0,22.0,22.0,0.0,1408.0
2020-11-19,22.0,22.0,22.0,22.0,-1.0,843.0
2020-11-18,23.0,23.0,23.0,23.0,0.0,0.0
2020-11-17,23.0,23.0,23.0,23.0,0.0,1200.0
2020-11-16,23.0,23.0,23.0,23.0,-2.3,1000.0
2020-11-13,25.3,25.3,25.3,25.3,0.0,0.0
2020-11-12,25.3,25.3,25.3,25.3,0.0,0.0
2020-11-11,25.3,25.3,25.3,25.3,0.0,0.0
2020-11-10,25.3,25.3,25.3,25.3,0.0,0.0
2020-11-09,25.3,25.3,25.3,25.3,2.3,100.0
2020-11-06,23.0,23.0,23.0,23.0,0.0,0.0
2020-11-05,23.0,23.0,23.0,23.0,-2.3,2010.0
2020-11-04,25.3,25.3,25.3,25.3,0.0,0.0
2020-11-03,25.3,25.3,25.3,25.3,0.0,0.0
2020-11-02,25.3,25.3,25.3,25.3,0.0,0.0
2020-10-30,25.3,25.3,25.3,25.3,0.0,0.0
2020-10-29,25.3,25.3,25.3,25.3,0.0,0.0
2020-10-28,25.3,25.3,25.3,25.3,0.0,0.0
2020-10-27,25.3,25.3,25.3,25.3,2.3,100.0
2020-10-26,23.0,23.0,23.0,23.0,0.0,0.0
2020-10-23,23.0,23.0,23.0,23.0,0.0,1000.0
2020-10-22,23.0,23.0,23.0,23.0,0.0,0.0
2020-10-21,23.0,23.0,23.0,23.0,0.0,68.0
2020-10-20,23.0,23.0,23.0,23.0,0.0,0.0
2020-10-19,23.0,23.0,23.0,23.0,-2.3,120.0
2020-10-16,25.3,25.3,25.3,25.3,2.3,100.0
2020-10-15,23.0,23.0,23.0,23.0,0.0,1200.0
2020-10-14,23.0,23.0,23.0,23.0,0.0,0.0
2020-10-13,23.0,23.0,23.0,23.0,0.0,0.0
2020-10-12,23.0,23.0,23.0,23.0,0.0,0.0
2020-10-09,23.0,23.0,23.0,23.0,0.0,1100.0
2020-10-08,23.0,23.0,23.0,23.0,-1.0,100.0
2020-10-07,24.0,23.0,24.0,23.0,1.0,800.0
2020-10-06,23.0,23.0,23.0,23.0,-1.2,500.0
2020-10-05,24.2,24.2,24.2,24.2,0.0,0.0
2020-10-02,24.2,24.2,24.2,24.2,0.0,25.0
2020-10-01,24.2,24.2,24.2,24.2,0.0,0.0
2020-09-30,24.2,24.2,24.2,24.2,2.2,100.0
2020-09-29,22.0,22.0,22.0,22.0,-1.0,150.0
2020-09-28,23.0,23.0,23.0,23.0,-0.9,1000.0
2020-09-25,23.9,23.9,23.9,23.9,0.0,0.0
2020-09-24,23.9,23.9,23.9,23.9,0.0,0.0
2020-09-23,23.9,23.9,23.9,23.9,0.0,0.0
2020-09-22,23.9,23.9,23.9,23.9,0.0,0.0
2020-09-21,23.9,23.9,23.9,23.9,0.0,0.0
2020-09-18,23.9,23.9,23.9,23.9,0.0,0.0
2020-09-17,23.9,23.9,23.9,23.9,0.0,0.0
2020-09-16,23.9,23.9,23.9,23.9,0.0,0.0
2020-09-15,23.9,23.9,23.9,23.9,0.0,0.0
2020-09-14,23.9,23.9,23.9,23.9,2.1,200.0
2020-09-11,21.8,21.8,21.8,21.8,0.0,0.0
2020-09-10,21.8,21.9,21.9,21.8,-2.2,246.0
2020-09-09,24.0,24.0,24.0,24.0,2.1,100.0
2020-09-08,21.9,22.0,22.0,21.9,-1.6,400.0
2020-09-07,23.5,23.5,23.5,23.5,0.0,0.0
2020-09-04,23.5,23.5,23.5,23.5,-0.4,100.0
2020-09-03,23.9,23.9,23.9,23.9,0.0,5.0
2020-09-01,23.9,23.9,23.9,23.9,0.0,0.0
2020-08-31,23.9,23.9,23.9,23.9,0.0,0.0
2020-08-28,23.9,23.9,23.9,23.9,2.1,500.0
2020-08-27,21.8,21.8,21.8,21.8,-2.2,200.0
2020-08-26,24.0,24.0,24.0,24.0,0.0,1.0
2020-08-25,24.0,24.0,24.0,24.0,0.0,10.0
2020-08-24,24.0,24.0,24.0,24.0,-1.0,800.0
2020-08-21,25.0,26.5,26.5,25.0,-1.0,300.0
2020-08-20,26.0,26.0,26.0,26.0,1.5,100.0
2020-08-19,24.5,24.5,24.5,24.5,-1.8,200.0
2020-08-18,26.3,26.3,26.3,26.3,1.5,100.0
2020-08-17,24.8,26.5,26.5,22.1,0.3,500.0
2020-08-14,24.5,24.5,24.5,24.5,0.0,0.0
2020-08-13,24.5,24.5,24.5,24.5,1.5,100.0
2020-08-12,23.0,21.2,23.0,21.2,1.9,200.0
2020-08-11,21.1,22.0,22.0,21.1,0.0,1600.0
2020-08-10,21.1,21.1,21.1,21.1,1.8,100.0
2020-08-07,19.3,19.3,19.3,19.3,0.0,0.0
2020-08-06,19.3,19.3,19.3,19.3,0.0,0.0
2020-08-05,19.3,19.3,19.3,19.3,0.0,0.0
2020-08-04,19.3,19.3,19.3,19.3,0.0,0.0
2020-08-03,20.0,20.0,20.0,20.0,0.0,0.0
2020-07-31,20.0,20.0,20.0,20.0,0.0,0.0
2020-07-30,20.0,20.0,20.0,20.0,-1.9,232.0
2020-07-29,21.9,21.9,21.9,21.9,-2.4,400.0
2020-07-28,24.3,24.3,24.3,24.3,0.0,0.0
2020-07-27,24.3,24.3,24.3,24.3,-2.6,5152.0
2020-07-24,26.9,26.9,26.9,26.9,2.3,400.0
2020-07-23,24.6,24.6,24.6,24.6,0.1,1000.0
2020-07-22,24.5,24.5,24.5,24.5,0.0,0.0
2020-07-21,24.5,24.5,24.5,24.5,0.0,0.0
2020-07-20,24.5,24.5,24.5,24.5,0.0,0.0
2020-07-17,24.5,24.5,24.5,24.5,0.0,0.0
2020-07-16,24.5,24.5,24.5,24.5,-2.4,300.0
2020-07-15,26.9,26.9,26.9,26.9,0.0,0.0
2020-07-14,26.9,26.9,26.9,26.9,0.0,0.0
2020-07-13,26.9,26.9,26.9,26.9,0.0,0.0
2020-07-10,26.9,26.9,26.9,26.9,0.0,0.0
2020-07-09,26.9,26.9,26.9,26.9,0.0,0.0
2020-07-08,26.9,26.9,26.9,26.9,0.0,0.0
2020-07-07,26.9,26.9,26.9,26.9,0.0,0.0
2020-07-06,26.9,26.9,26.9,26.9,0.0,0.0
2020-07-03,26.9,26.9,26.9,26.9,0.0,0.0
2020-07-02,26.9,26.9,26.9,26.9,0.0,0.0
2020-07-01,26.9,26.9,26.9,26.9,0.0,0.0
2020-06-30,26.9,26.9,26.9,26.9,0.0,0.0
2020-06-29,26.9,26.9,26.9,26.9,0.0,0.0
2020-06-26,26.9,26.9,26.9,26.9,0.0,0.0
2020-06-25,26.9,26.9,26.9,26.9,0.0,0.0
2020-06-24,26.9,26.9,26.9,26.9,0.0,0.0
2020-06-23,26.9,26.9,26.9,26.9,0.0,0.0
2020-06-22,26.9,26.9,26.9,26.9,0.0,0.0
2020-06-19,26.9,26.9,26.9,26.9,1.4,100.0
2020-06-18,25.5,25.5,25.5,25.5,0.7,1100.0
2020-06-17,24.8,24.8,24.8,24.8,0.0,0.0
2020-06-16,24.8,24.8,24.8,24.8,0.0,0.0
2020-06-15,24.8,24.8,24.8,24.8,0.0,0.0
2020-06-12,24.8,24.8,24.8,24.8,0.0,0.0
2020-06-11,24.8,24.8,24.8,24.8,0.0,0.0
2020-06-10,24.8,24.8,24.8,24.8,0.0,0.0
2020-06-09,24.8,24.8,24.8,24.8,0.0,0.0
2020-06-08,24.8,24.8,24.8,24.8,0.0,0.0
2020-06-05,24.8,24.8,24.8,24.8,0.0,0.0
2020-06-04,24.8,24.8,24.8,24.8,0.0,0.0
2020-06-03,24.8,24.8,24.8,24.8,0.0,0.0
2020-06-02,24.8,24.8,24.8,24.8,0.0,0.0
2020-06-01,24.8,24.8,24.8,24.8,0.0,0.0
2020-05-29,24.8,24.8,24.8,24.8,0.0,0.0
2020-05-28,24.8,24.8,24.8,24.8,0.0,0.0
2020-05-27,24.8,24.8,24.8,24.8,0.0,100.0
2020-05-26,24.8,24.8,24.8,24.8,0.0,0.0
2020-05-25,24.8,24.8,24.8,24.8,0.0,0.0
2020-05-22,24.8,24.8,24.8,24.8,0.0,0.0
2020-05-21,24.8,24.8,24.8,24.8,0.0,500.0
2020-05-20,24.8,24.8,24.8,24.8,0.0,0.0
2020-05-19,24.8,24.9,24.9,24.8,-2.7,2000.0
2020-05-18,27.5,27.5,27.5,27.5,0.0,0.0
2020-05-15,27.5,27.5,27.5,27.5,0.0,0.0
2020-05-14,27.5,27.5,27.5,27.5,0.0,0.0
2020-05-13,27.5,27.5,27.5,27.5,0.0,0.0
2020-05-12,27.5,27.5,27.5,27.5,0.0,10.0
2020-05-11,27.5,27.5,27.5,27.5,2.5,100.0
2020-05-08,25.0,25.0,25.0,25.0,-0.2,300.0
2020-05-07,25.2,25.2,25.2,25.2,2.2,100.0
2020-05-06,23.0,23.0,23.0,23.0,-2.0,700.0
2020-05-05,25.0,25.0,25.0,25.0,0.0,0.0
2020-05-04,25.0,25.0,25.0,25.0,0.0,0.0
2020-04-29,25.0,25.0,25.0,25.0,0.0,0.0
2020-04-28,25.0,25.0,25.0,25.0,0.0,0.0
2020-04-27,25.0,25.0,25.0,25.0,0.0,0.0
2020-04-24,25.0,25.0,25.0,25.0,-2.0,100.0
2020-04-23,27.0,27.0,27.0,27.0,0.0,0.0
2020-04-22,27.0,27.0,27.0,27.0,0.0,0.0
2020-04-21,27.0,27.0,27.0,27.0,0.0,0.0
2020-04-20,27.0,27.0,27.0,27.0,0.0,0.0
2020-04-17,27.0,27.0,27.0,27.0,0.0,0.0
2020-04-16,27.0,27.0,27.0,27.0,0.0,0.0
2020-04-15,27.0,27.0,27.0,27.0,0.0,0.0
2020-04-14,27.0,27.0,27.0,27.0,0.0,0.0
2020-04-13,27.0,27.0,27.0,27.0,-1.0,1200.0
2020-04-10,28.0,28.0,28.0,28.0,0.0,1500.0
2020-04-09,28.0,28.5,28.5,28.0,1.0,900.0
2020-04-08,27.0,27.0,27.0,27.0,0.0,0.0
2020-04-07,27.0,27.0,27.0,27.0,0.0,0.0
2020-04-06,27.0,27.0,27.0,27.0,0.0,0.0
2020-04-03,27.0,27.0,27.0,27.0,0.0,10.0
2020-04-01,27.0,27.0,27.0,27.0,0.0,0.0
2020-03-31,27.0,27.0,27.0,27.0,0.0,0.0
2020-03-30,27.0,27.0,27.0,27.0,0.0,2000.0
2020-03-27,27.0,27.0,27.0,27.0,0.0,0.0
2020-03-26,27.0,27.0,27.0,27.0,-3.0,300.0
2020-03-25,30.0,30.0,30.0,30.0,0.0,0.0
2020-03-24,30.0,30.0,30.0,30.0,0.0,0.0
2020-03-23,30.0,30.0,30.0,30.0,0.0,0.0
2020-03-20,30.0,30.0,30.0,30.0,0.0,0.0
2020-03-19,30.0,30.0,30.0,30.0,0.0,0.0
2020-03-18,30.0,30.0,30.0,30.0,0.0,0.0
2020-03-17,30.0,30.0,30.0,30.0,0.0,0.0
2020-03-16,30.0,30.0,30.0,30.0,0.0,0.0
2020-03-13,30.0,30.0,30.0,30.0,0.0,0.0
2020-03-12,30.0,30.0,30.0,30.0,0.0,0.0
2020-03-11,30.0,30.0,30.0,30.0,-0.4,1000.0
2020-03-10,30.4,30.4,30.4,30.4,0.0,0.0
2020-03-09,30.4,30.4,30.4,30.4,0.0,0.0
2020-03-06,30.4,30.4,30.4,30.4,0.0,0.0
2020-03-05,30.4,30.4,30.4,30.4,0.0,0.0
2020-03-04,30.4,30.4,30.4,30.4,0.0,0.0
2020-03-03,32.4,30.5,32.4,30.5,1.9,3600.0
2020-03-02,30.5,30.5,30.5,30.5,0.0,0.0
2020-02-28,30.5,30.5,30.5,30.5,0.0,0.0
2020-02-27,30.5,30.5,30.5,30.5,0.0,0.0
2020-02-26,30.5,30.5,30.5,30.5,0.4,3000.0
2020-02-25,30.1,30.1,30.1,30.1,0.0,0.0
2020-02-24,30.1,30.1,30.1,30.1,0.1,1200.0
2020-02-21,30.0,30.0,30.0,30.0,0.0,0.0
2020-02-20,30.0,30.0,30.0,30.0,0.0,0.0
2020-02-19,30.0,30.0,30.0,30.0,0.0,0.0
2020-02-18,30.0,30.0,30.0,30.0,0.0,0.0
2020-02-17,30.0,30.0,30.0,30.0,0.0,0.0
2020-02-14,30.0,30.0,30.0,30.0,0.0,0.0
2020-02-13,30.0,30.0,30.0,30.0,0.0,0.0
2020-02-12,35.0,35.0,35.0,35.0,0.0,0.0
2020-02-11,35.0,35.0,35.0,35.0,0.0,0.0
2020-02-10,35.0,35.0,35.0,35.0,0.0,0.0
2020-02-07,35.0,35.0,35.0,35.0,0.0,0.0
2020-02-06,35.0,35.0,35.0,35.0,0.0,0.0
2020-02-05,35.0,35.0,35.0,35.0,0.0,0.0
2020-02-04,35.0,35.0,35.0,35.0,0.0,0.0
2020-02-03,35.0,35.0,35.0,35.0,0.0,0.0
2020-01-31,35.0,35.0,35.0,35.0,0.0,0.0
2020-01-30,35.0,35.0,35.0,35.0,0.0,0.0
2020-01-22,35.0,35.0,35.0,35.0,0.0,0.0
2020-01-21,35.0,35.0,35.0,35.0,0.0,0.0
2020-01-20,35.0,35.0,35.0,35.0,0.0,0.0
2020-01-17,35.0,35.0,35.0,35.0,0.0,0.0
2020-01-16,35.0,35.0,35.0,35.0,0.0,0.0
2020-01-15,35.0,35.0,35.0,35.0,0.0,0.0
2020-01-14,35.0,35.0,35.0,35.0,0.0,0.0
2020-01-13,35.0,35.0,35.0,35.0,0.0,0.0
2020-01-10,35.0,35.0,35.0,35.0,0.0,0.0
2020-01-09,35.0,35.0,35.0,35.0,0.0,0.0
2020-01-08,35.0,35.0,35.0,35.0,0.0,0.0
2020-01-07,35.0,35.0,35.0,35.0,0.0,0.0
2020-01-06,35.0,35.0,35.0,35.0,0.0,0.0
2020-01-03,35.0,35.0,35.0,35.0,0.0,0.0
2020-01-02,35.0,35.0,35.0,35.0,0.0,0.0
2019-12-31,35.0,35.0,35.0,35.0,0.0,0.0
2019-12-30,35.0,35.0,35.0,35.0,0.0,0.0
2019-12-27,35.0,35.0,35.0,35.0,0.0,0.0
2019-12-26,35.0,35.0,35.0,35.0,0.0,0.0
2019-12-25,35.0,35.0,35.0,35.0,0.0,0.0
2019-12-24,35.0,35.0,35.0,35.0,0.0,0.0
2019-12-23,35.0,35.0,35.0,35.0,0.0,0.0
2019-12-20,35.0,35.0,35.0,35.0,0.0,0.0
2019-12-19,35.0,35.0,35.0,35.0,0.0,0.0
2019-12-18,35.0,35.0,35.0,35.0,0.0,0.0
2019-12-17,35.0,35.0,35.0,35.0,0.0,0.0
2019-12-16,35.0,35.0,35.0,35.0,0.0,0.0
2019-12-13,35.0,35.0,35.0,35.0,0.0,0.0
2019-12-12,35.0,35.0,35.0,35.0,0.0,0.0
2019-12-11,35.0,35.0,35.0,35.0,0.0,0.0
2019-12-10,35.0,35.0,35.0,35.0,0.0,0.0
2019-12-09,35.0,35.0,35.0,35.0,0.0,0.0
2019-12-06,35.0,35.0,35.0,35.0,0.0,0.0
2019-12-05,35.0,35.0,35.0,35.0,0.0,0.0
2019-12-04,35.0,35.0,35.0,35.0,0.0,0.0
2019-12-03,35.0,35.0,35.0,35.0,0.0,0.0
2019-12-02,35.0,35.0,35.0,35.0,0.0,0.0
2019-11-29,35.0,35.0,35.0,35.0,0.0,0.0
2019-11-28,35.0,35.0,35.0,35.0,0.0,0.0
2019-11-27,35.0,35.0,35.0,35.0,0.0,0.0
2019-11-26,35.0,35.0,35.0,35.0,0.0,0.0
2019-11-25,35.0,35.0,35.0,35.0,0.0,0.0
2019-11-22,35.0,35.0,35.0,35.0,0.0,0.0
2019-11-21,35.0,35.0,35.0,35.0,0.0,0.0
2019-11-20,35.0,35.0,35.0,35.0,0.0,0.0
2019-11-19,35.0,35.0,35.0,35.0,0.0,0.0
2019-11-18,35.0,35.0,35.0,35.0,0.0,0.0
2019-11-15,35.0,35.0,35.0,35.0,0.0,0.0
2019-11-14,35.0,35.0,35.0,35.0,0.0,0.0
2019-11-13,35.0,35.0,35.0,35.0,0.0,0.0
2019-11-12,35.0,35.0,35.0,35.0,0.0,0.0
2019-11-11,35.0,35.0,35.0,35.0,0.0,0.0
2019-11-08,35.0,35.0,35.0,35.0,0.0,0.0
2019-11-07,35.0,35.0,35.0,35.0,0.0,0.0
2019-11-06,35.0,35.0,35.0,35.0,0.0,0.0
2019-11-05,35.0,35.0,35.0,35.0,0.0,0.0
2019-11-04,35.0,35.0,35.0,35.0,0.0,0.0
2019-11-01,35.0,35.0,35.0,35.0,0.0,0.0
2019-10-31,35.0,35.0,35.0,35.0,0.0,0.0
2019-10-30,35.0,35.0,35.0,35.0,0.0,0.0
2019-10-29,35.0,35.0,35.0,35.0,0.0,0.0
2019-10-28,35.0,35.0,35.0,35.0,-1.0,150.0
2019-10-25,36.0,36.0,36.0,36.0,0.0,0.0
2019-10-24,36.0,36.0,36.0,36.0,0.0,0.0
2019-10-23,36.0,36.0,36.0,36.0,0.0,0.0
2019-10-22,36.0,36.0,36.0,36.0,0.0,0.0
2019-10-21,36.0,36.0,36.0,36.0,0.0,0.0
2019-10-18,36.0,36.0,36.0,36.0,0.0,0.0
2019-10-17,36.0,36.0,36.0,36.0,0.0,0.0
2019-10-16,36.0,36.0,36.0,36.0,0.0,0.0
2019-10-15,36.0,36.0,36.0,36.0,0.0,0.0
2019-10-14,36.0,36.0,36.0,36.0,0.0,0.0
2019-10-11,36.0,36.0,36.0,36.0,0.0,0.0
2019-10-10,36.0,36.0,36.0,36.0,0.0,0.0
2019-10-09,36.0,36.0,36.0,36.0,0.0,0.0
2019-10-08,36.0,36.0,36.0,36.0,0.0,0.0
2019-10-07,36.0,36.0,36.0,36.0,0.0,0.0
2019-10-04,36.0,36.0,36.0,36.0,0.0,0.0
2019-10-03,36.0,36.0,36.0,36.0,1.0,150.0
2019-10-02,35.0,35.0,35.0,35.0,0.0,0.0
2019-10-01,35.0,35.0,35.0,35.0,0.0,0.0
2019-09-30,35.0,35.0,35.0,35.0,0.0,0.0
2019-09-27,35.0,35.0,35.0,35.0,0.0,0.0
2019-09-26,35.0,35.0,35.0,35.0,1.0,100.0
2019-09-25,34.0,34.0,34.0,34.0,0.0,12.0
2019-09-24,34.0,33.0,34.0,33.0,2.8,200.0
2019-09-23,31.2,31.2,31.2,31.2,0.0,2.0
2019-09-20,31.2,26.0,31.2,26.0,2.8,300.0
2019-09-19,28.4,33.9,33.9,28.4,-3.1,200.0
2019-09-18,31.5,31.5,31.5,31.5,0.0,25.0
2019-09-17,31.5,31.5,31.5,31.5,0.2,200.0
2019-09-16,31.3,31.3,31.3,31.3,2.5,109.0
2019-09-13,28.8,28.8,28.8,28.8,0.0,0.0
2019-09-12,28.8,28.8,28.8,28.8,0.0,25.0
2019-09-11,28.8,28.8,28.8,28.8,-3.2,200.0
2019-09-10,32.0,32.0,32.0,32.0,0.0,100.0
2019-09-09,32.0,32.0,32.0,32.0,0.0,200.0
2019-09-06,32.0,32.0,32.0,32.0,0.0,0.0
2019-09-05,32.0,32.0,32.0,32.0,0.0,0.0
2019-09-04,32.0,32.0,32.0,32.0,0.0,0.0
2019-09-03,32.0,32.0,32.0,32.0,0.0,0.0
2019-08-30,32.0,32.0,32.0,32.0,0.0,0.0
2019-08-29,32.0,32.0,32.0,32.0,0.0,0.0
2019-08-28,32.0,32.0,32.0,32.0,0.0,0.0
2019-08-27,32.0,32.0,32.0,32.0,0.0,0.0
2019-08-26,32.0,32.0,32.0,32.0,0.0,0.0
2019-08-23,32.0,32.0,32.0,32.0,0.0,0.0
2019-08-22,32.0,32.0,32.0,32.0,0.0,0.0
2019-08-21,32.0,32.0,32.0,32.0,0.0,0.0
2019-08-20,32.0,32.0,32.0,32.0,0.0,0.0
2019-08-19,32.0,32.0,32.0,32.0,0.0,0.0
2019-08-16,32.0,32.0,32.0,32.0,1.0,101.0
2019-08-15,31.0,31.0,31.0,31.0,1.6,100.0
2019-08-14,29.4,27.0,29.4,27.0,2.6,700.0
2019-08-13,26.8,26.8,26.8,26.8,-0.2,100.0
2019-08-12,27.0,27.0,27.0,27.0,0.0,0.0
2019-08-09,27.0,27.0,27.0,27.0,0.0,10.0
2019-08-08,27.0,27.0,27.0,27.0,0.0,0.0
2019-08-07,27.0,26.8,27.0,26.8,-2.5,2700.0
2019-08-06,29.5,29.5,29.5,29.5,0.0,0.0
2019-08-05,29.5,29.5,29.5,29.5,0.0,0.0
2019-08-02,29.5,29.5,29.5,29.5,-1.1,402.0
2019-08-01,30.6,30.6,30.6,30.6,0.0,100.0
2019-07-31,30.6,30.6,30.6,30.6,0.0,0.0
2019-07-30,30.6,30.6,30.6,30.6,-3.3,200.0
2019-07-29,33.9,31.9,33.9,31.9,2.0,200.0
2019-07-26,31.9,31.9,31.9,31.9,0.0,0.0
2019-07-25,31.9,31.9,31.9,31.9,2.6,100.0
2019-07-24,29.3,29.3,29.3,29.3,0.0,0.0
2019-07-23,29.3,29.3,29.3,29.3,0.0,75.0
2019-07-22,29.3,29.3,29.3,29.3,0.0,1062.0
2019-07-19,29.3,29.3,29.3,29.3,0.0,0.0
2019-07-18,29.3,29.3,29.3,29.3,0.0,0.0
2019-07-17,29.3,35.7,35.7,29.3,-3.2,300.0
2019-07-16,32.5,32.5,32.5,32.5,-3.6,200.0
2019-07-15,36.1,36.1,36.1,36.1,0.0,0.0
2019-07-12,36.1,36.1,36.1,36.1,0.0,0.0
2019-07-11,36.1,36.1,36.1,36.1,0.0,0.0
2019-07-10,36.1,36.1,36.1,36.1,0.0,0.0
2019-07-09,36.1,36.1,36.1,36.1,0.0,0.0
2019-07-08,36.1,36.1,36.1,36.1,0.0,0.0
2019-07-05,36.1,36.1,36.1,36.1,0.0,0.0
2019-07-04,36.1,36.1,36.1,36.1,0.0,0.0
2019-07-03,36.1,36.1,36.1,36.1,0.0,0.0
2019-07-02,36.1,36.1,36.1,36.1,0.0,0.0
2019-07-01,36.1,36.1,36.1,36.1,0.0,0.0
2019-06-28,36.1,36.1,36.1,36.1,0.0,0.0
2019-06-27,36.1,36.1,36.1,36.1,0.0,0.0
2019-06-26,36.1,36.1,36.1,36.1,0.0,0.0
2019-06-25,36.1,36.1,36.1,36.1,3.2,100.0
2019-06-24,32.9,36.3,36.3,32.9,-0.1,400.0
2019-06-21,33.0,33.0,33.0,33.0,0.1,1200.0
2019-06-20,32.9,32.9,32.9,32.9,-0.1,100.0
2019-06-19,33.0,33.0,33.0,33.0,0.0,0.0
2019-06-18,33.0,33.0,33.0,33.0,3.0,100.0
2019-06-17,30.0,30.0,30.0,30.0,0.0,0.0
2019-06-14,30.0,30.0,30.0,30.0,0.0,0.0
2019-06-13,30.0,30.0,30.0,30.0,0.0,0.0
2019-06-12,30.0,30.0,30.0,30.0,0.0,0.0
2019-06-11,30.0,30.0,30.0,30.0,0.0,0.0
2019-06-10,30.0,30.0,30.0,30.0,0.0,0.0
2019-06-07,30.0,30.0,30.0,30.0,0.0,0.0
2019-06-06,30.0,30.0,30.0,30.0,0.0,0.0
2019-06-05,30.0,30.0,30.0,30.0,0.0,0.0
2019-06-04,30.0,30.0,30.0,30.0,0.0,0.0
2019-06-03,30.0,30.0,30.0,30.0,0.0,0.0
2019-05-31,30.0,30.0,30.0,30.0,2.7,200.0
2019-05-30,27.3,30.9,30.9,27.3,-1.4,600.0
2019-05-29,28.7,28.7,28.7,28.7,-2.3,100.0
2019-05-28,31.0,31.0,31.0,31.0,0.0,0.0
2019-05-27,31.0,31.0,31.0,31.0,0.0,0.0
2019-05-24,31.0,31.0,31.0,31.0,0.0,0.0
2019-05-23,31.0,31.0,31.0,31.0,0.0,0.0
2019-05-22,31.0,31.0,31.0,31.0,0.0,0.0
2019-05-21,31.0,31.0,31.0,31.0,0.0,0.0
2019-05-20,31.0,31.0,31.0,31.0,0.0,0.0
2019-05-17,31.0,31.5,31.5,31.0,-0.9,200.0
2019-05-16,31.9,31.9,31.9,31.9,0.0,0.0
2019-05-15,31.9,31.9,31.9,31.9,0.0,0.0
2019-05-14,31.9,31.9,31.9,31.9,0.0,0.0
2019-05-13,31.9,31.9,31.9,31.9,0.0,0.0
2019-05-10,31.9,31.9,31.9,31.9,0.0,0.0
2019-05-09,31.9,31.9,31.9,31.9,0.0,0.0
2019-05-08,31.9,31.9,31.9,31.9,0.0,0.0
2019-05-07,31.9,31.9,31.9,31.9,2.4,100.0
2019-05-06,29.5,30.0,30.0,29.5,-3.2,300.0
2019-05-03,32.7,32.7,32.7,32.7,0.0,0.0
2019-05-02,32.7,32.7,32.7,32.7,0.0,0.0
2019-04-26,32.7,32.7,32.7,32.7,-1.0,300.0
2019-04-25,33.7,33.7,33.7,33.7,0.0,0.0
2019-04-24,33.7,33.7,33.7,33.7,0.0,0.0
2019-04-23,33.7,33.7,33.7,33.7,0.0,0.0
2019-04-22,33.7,33.7,33.7,33.7,0.0,0.0
2019-04-19,33.7,33.7,33.7,33.7,3.0,110.0
2019-04-18,30.7,30.7,30.7,30.7,-3.4,1100.0
2019-04-17,34.1,34.1,34.1,34.1,0.0,0.0
2019-04-16,34.1,34.1,34.1,34.1,3.1,110.0
2019-04-12,31.0,31.0,31.0,31.0,0.0,0.0
2019-04-11,31.0,31.0,31.0,31.0,-1.0,2300.0
2019-04-10,32.0,33.5,33.5,32.0,-1.5,2800.0
2019-04-09,33.5,33.8,33.8,32.3,-0.3,1500.0
2019-04-08,33.8,33.8,33.8,33.8,3.0,100.0
2019-04-05,30.8,30.8,30.8,30.8,0.0,65.0
2019-04-04,30.8,31.0,31.0,30.8,-0.2,1000.0
2019-04-03,31.0,34.1,34.1,31.0,0.0,815.0
2019-04-02,31.0,31.0,31.0,31.0,0.0,200.0
2019-04-01,31.0,31.0,31.0,31.0,-3.0,1500.0
2019-03-29,34.0,34.0,34.0,34.0,0.0,0.0
2019-03-28,34.0,34.0,34.0,34.0,0.0,0.0
2019-03-27,34.0,34.0,34.0,34.0,0.0,1800.0
2019-03-26,34.0,33.9,34.0,33.9,0.0,4200.0
2019-03-25,34.0,34.0,34.0,34.0,0.0,0.0
2019-03-22,34.0,34.0,34.0,34.0,0.0,0.0
2019-03-21,34.0,35.5,35.5,34.0,1.7,200.0
2019-03-20,32.3,32.3,32.3,32.3,-3.2,500.0
2019-03-19,35.5,35.5,35.5,35.5,0.0,0.0
2019-03-18,35.5,35.5,35.5,35.5,0.0,0.0
2019-03-15,35.5,35.5,35.5,35.5,0.0,100.0
2019-03-14,35.5,35.5,35.5,35.5,-0.1,100.0
2019-03-13,35.6,35.6,35.6,35.6,0.0,500.0
2019-03-12,35.6,35.6,35.6,35.6,0.2,300.0
2019-03-11,35.4,35.4,35.4,35.4,0.0,0.0
2019-03-08,38.3,38.3,38.3,38.3,-0.7,3100.0
2019-03-07,39.0,39.0,39.0,39.0,-1.2,1000.0
2019-03-06,40.2,40.1,40.2,40.1,-0.3,2400.0
2019-03-05,40.5,40.0,40.5,39.5,-0.3,3659.0
2019-03-04,40.8,41.1,41.1,40.8,3.4,807.0
2019-03-01,37.4,37.4,37.4,37.4,-4.1,123.0
2019-02-28,41.5,40.5,41.5,38.0,3.3,2515.0
2019-02-27,38.2,38.3,38.3,38.2,3.2,200.0
2019-02-26,35.0,38.3,38.3,35.0,-3.0,800.0
2019-02-25,38.0,38.2,38.3,38.0,-0.2,4500.0
2019-02-22,38.2,38.2,38.2,34.9,3.3,2950.0
2019-02-21,34.9,38.7,38.7,34.9,-3.8,3400.0
2019-02-20,38.7,47.3,47.3,38.7,-4.3,500.0
2019-02-19,43.0,43.0,43.0,43.0,-4.7,200.0
2019-02-18,47.7,47.7,47.7,47.7,0.0,0.0
2019-02-15,47.7,47.7,47.7,47.7,0.0,0.0
2019-02-14,47.7,47.7,47.7,47.7,0.0,0.0
2019-02-13,47.7,47.7,47.7,47.7,0.0,0.0
2019-02-12,47.7,47.7,47.7,47.7,0.0,0.0
2019-02-11,47.7,47.7,47.7,47.7,4.3,100.0
2019-02-01,43.4,43.4,43.4,43.4,0.0,0.0
2019-01-31,43.4,43.4,43.4,43.4,0.0,0.0
2019-01-30,43.4,43.4,43.4,43.4,0.0,0.0
2019-01-29,43.4,43.4,43.4,43.4,0.0,0.0
2019-01-28,43.4,43.4,43.4,43.4,0.0,0.0
2019-01-25,43.4,43.4,43.4,43.4,0.0,0.0
2019-01-24,43.4,43.4,43.4,43.4,0.0,0.0
2019-01-23,43.4,43.4,43.4,43.4,0.0,0.0
2019-01-22,43.4,43.4,43.4,43.4,0.0,0.0
2019-01-21,43.4,43.4,43.4,43.4,3.9,100.0
2019-01-18,39.5,39.5,39.5,39.5,0.0,0.0
2019-01-17,39.5,48.1,48.1,39.5,-4.3,200.0
2019-01-16,43.8,43.8,43.8,43.8,0.0,0.0
2019-01-15,43.8,43.8,43.8,43.8,0.0,0.0
2019-01-14,43.8,43.8,43.8,43.8,0.0,0.0
2019-01-11,43.8,43.8,43.8,43.8,0.0,0.0
2019-01-10,43.8,43.8,43.8,43.8,0.0,0.0
2019-01-09,43.8,43.8,43.8,43.8,0.0,0.0
2019-01-08,43.8,43.8,43.8,43.8,0.0,0.0
2019-01-07,43.8,43.8,43.8,43.8,0.0,0.0
2019-01-04,43.8,43.8,43.8,43.8,3.9,100.0
2019-01-03,39.9,39.9,39.9,39.9,0.0,0.0
2019-01-02,39.9,39.9,39.9,39.9,0.0,0.0
2018-12-28,39.9,39.9,39.9,39.9,0.0,0.0
2018-12-27,39.9,39.9,39.9,39.9,0.0,0.0
2018-12-26,39.9,39.9,39.9,39.9,0.0,0.0
2018-12-25,39.9,39.9,39.9,39.9,0.0,0.0
2018-12-24,39.9,39.9,39.9,39.9,0.0,0.0
2018-12-21,39.9,39.9,39.9,39.9,0.0,0.0
2018-12-20,39.9,39.9,39.9,39.9,0.0,0.0
2018-12-19,39.9,39.9,39.9,39.9,0.0,0.0
2018-12-18,39.9,39.9,39.9,39.9,0.0,0.0
2018-12-17,39.9,39.9,39.9,39.9,0.0,0.0
2018-12-14,39.9,39.9,39.9,39.9,0.0,0.0
2018-12-13,39.9,39.9,39.9,39.9,0.0,0.0
2018-12-12,39.9,39.9,39.9,39.9,0.0,0.0
2018-12-11,39.9,39.9,39.9,39.9,0.0,0.0
2018-12-10,39.9,39.9,39.9,39.9,0.0,0.0
2018-12-07,39.9,39.9,39.9,39.9,0.0,0.0
2018-12-06,39.9,39.9,39.9,39.9,0.0,0.0
2018-12-05,39.9,39.9,39.9,39.9,0.0,0.0
2018-12-04,39.9,39.9,39.9,39.9,0.0,0.0
2018-12-03,39.9,39.9,39.9,39.9,0.0,0.0
2018-11-30,39.9,39.9,39.9,39.9,0.0,0.0
2018-11-29,39.9,39.9,39.9,39.9,0.0,0.0
2018-11-28,39.9,39.9,39.9,39.9,0.0,0.0
2018-11-27,39.9,39.9,39.9,39.9,3.6,100.0
2018-11-26,36.3,36.3,36.3,36.3,0.0,0.0
2018-11-23,36.3,36.3,36.3,36.3,3.3,100.0
2018-11-22,33.0,33.0,33.0,33.0,0.0,300.0
2018-11-21,33.0,33.0,33.0,33.0,0.0,0.0
2018-11-20,33.0,40.2,40.2,33.0,-3.6,200.0
2018-11-19,36.6,36.6,36.6,36.6,0.0,0.0
2018-11-16,36.6,36.6,36.6,36.6,0.0,0.0
2018-11-15,36.6,36.6,36.6,36.6,0.0,0.0
2018-11-14,36.6,36.6,36.6,36.6,-4.0,100.0
2018-11-13,40.6,40.6,40.6,40.6,0.0,0.0
2018-11-12,40.6,40.6,40.6,40.6,0.0,0.0
2018-11-09,40.6,40.6,40.6,40.6,0.0,0.0
2018-11-08,40.6,40.6,40.6,40.6,0.0,0.0
2018-11-07,40.6,40.6,40.6,40.6,0.0,0.0
2018-11-06,40.6,40.6,40.6,40.6,0.0,0.0
2018-11-05,40.6,40.6,40.6,40.6,-4.5,100.0
2018-11-02,45.1,45.1,45.1,45.1,0.0,0.0
2018-11-01,45.1,45.1,45.1,45.1,0.0,0.0
2018-10-31,45.1,45.1,45.1,45.1,0.0,0.0
2018-10-30,45.1,45.1,45.1,45.1,0.0,0.0
2018-10-29,45.1,45.1,45.1,45.1,4.1,100.0
2018-10-26,41.0,41.0,41.0,41.0,0.0,0.0
2018-10-25,41.0,41.0,41.1,41.0,3.6,700.0
2018-10-24,37.4,37.4,37.4,37.4,3.4,100.0
2018-10-23,34.0,34.0,34.0,34.0,0.0,0.0
2018-10-22,34.0,34.0,34.0,34.0,-2.9,200.0
2018-10-19,36.9,36.9,36.9,36.9,3.3,100.0
2018-10-18,33.6,33.6,33.6,33.6,0.0,0.0
2018-10-17,33.6,33.6,33.6,33.6,3.0,100.0
2018-10-16,30.6,30.6,30.6,30.6,-3.4,1000.0
2018-10-15,34.0,34.0,34.0,34.0,-3.7,1000.0
2018-10-12,37.7,37.7,37.7,37.7,-4.1,100.0
2018-10-11,41.8,41.8,41.8,41.8,0.0,0.0
2018-10-10,41.8,41.8,41.8,41.8,3.8,100.0
2018-10-09,38.0,41.8,41.8,38.0,-3.8,700.0
2018-10-08,41.8,41.8,41.8,41.8,3.8,600.0
2018-10-05,38.0,45.2,45.2,38.0,-3.1,300.0
2018-10-04,41.1,45.9,45.9,41.1,-4.5,400.0
2018-10-03,45.6,51.5,51.5,45.6,-1.3,800.0
2018-10-02,46.9,46.9,46.9,46.9,0.0,0.0
2018-10-01,46.9,46.9,46.9,46.9,0.0,1100.0
2018-09-28,46.9,46.9,46.9,46.9,-1.0,500.0
2018-09-27,47.9,47.9,47.9,47.9,0.0,0.0
2018-09-26,47.9,47.9,47.9,47.9,0.0,300.0
2018-09-25,47.9,47.9,47.9,47.9,0.0,0.0
2018-09-24,47.9,47.9,47.9,47.9,0.0,0.0
2018-09-21,47.9,47.9,47.9,47.9,0.0,0.0
2018-09-20,47.9,47.9,47.9,47.9,0.0,0.0
2018-09-19,47.9,47.9,47.9,47.9,0.0,0.0
2018-09-18,47.9,47.9,47.9,47.9,0.0,0.0
2018-09-17,47.9,47.9,47.9,47.9,-5.3,300.0
2018-09-14,53.2,53.2,53.2,53.2,0.0,0.0
2018-09-13,53.2,53.2,53.2,53.2,0.0,0.0
2018-09-12,53.2,53.2,53.2,53.2,0.0,0.0
2018-09-11,53.2,53.2,53.2,53.2,0.0,0.0
2018-09-10,53.2,53.2,53.2,53.2,0.0,0.0
2018-09-07,53.2,53.2,53.2,53.2,0.0,0.0
2018-09-06,53.2,53.2,53.2,53.2,0.0,0.0
2018-09-05,53.2,53.2,53.2,53.2,0.0,0.0
2018-09-04,53.2,53.2,53.2,53.2,0.0,0.0
2018-08-31,53.2,53.2,53.2,53.2,0.0,0.0
2018-08-30,53.2,53.2,53.2,53.2,0.0,0.0
2018-08-29,53.2,53.2,53.2,53.2,0.0,0.0
2018-08-28,53.2,53.2,53.2,53.2,0.0,0.0
2018-08-27,53.2,53.2,53.2,53.2,0.0,0.0
2018-08-24,53.2,53.2,53.2,53.2,0.0,0.0
2018-08-23,53.2,53.2,53.2,53.2,0.0,0.0
2018-08-22,53.2,53.2,53.2,53.2,0.0,0.0
2018-08-21,53.2,53.2,53.2,53.2,0.0,0.0
2018-08-20,53.2,53.2,53.2,53.2,0.0,0.0
2018-08-17,53.2,53.2,53.2,53.2,0.0,0.0
2018-08-16,53.2,53.2,53.2,53.2,0.0,0.0
2018-08-15,53.2,53.2,53.2,53.2,0.0,0.0
2018-08-14,53.2,53.2,53.2,53.2,0.0,0.0
2018-08-13,53.2,53.2,53.2,53.2,0.0,37.0
2018-08-10,53.2,53.2,53.2,53.2,0.0,0.0
2018-08-09,53.2,53.2,53.2,53.2,0.0,1.0
2018-08-08,53.2,53.2,53.2,53.2,0.0,0.0
2018-08-07,53.2,53.2,53.2,53.2,0.0,0.0
2018-08-06,53.2,53.2,53.2,53.2,0.0,0.0
2018-08-03,53.2,53.2,53.2,53.2,0.0,0.0
2018-08-02,53.2,53.2,53.2,53.2,0.0,0.0
2018-08-01,53.2,53.2,53.2,53.2,-5.9,500.0
2018-07-31,59.1,59.1,59.1,59.1,0.0,0.0
2018-07-30,59.1,59.1,59.1,59.1,0.0,0.0
2018-07-27,59.1,59.1,59.1,59.1,0.0,0.0
2018-07-26,59.1,59.1,59.1,59.1,0.0,0.0
2018-07-25,59.1,59.1,59.1,59.1,0.0,0.0
2018-07-24,59.1,59.1,59.1,59.1,0.0,37.0
2018-07-23,59.1,59.1,59.1,59.1,0.0,0.0
2018-07-20,59.1,59.1,59.1,59.1,0.0,0.0
2018-07-19,59.1,59.1,59.1,59.1,0.0,0.0
2018-07-18,59.1,59.1,59.1,59.1,0.0,0.0
2018-07-17,59.1,59.1,59.1,59.1,0.0,0.0
2018-07-16,59.1,59.1,59.1,59.1,0.0,0.0
2018-07-13,59.1,59.1,59.1,59.1,0.0,0.0
2018-07-12,59.1,59.1,59.1,59.1,0.0,0.0
2018-07-11,59.1,59.1,59.1,59.1,0.0,0.0
2018-07-10,59.1,59.1,59.1,59.1,0.0,0.0
2018-07-09,59.1,59.1,59.1,59.1,0.0,0.0
2018-07-06,59.1,59.1,59.1,59.1,0.0,0.0
2018-07-05,59.1,59.1,59.1,59.1,0.0,0.0
2018-07-04,59.1,59.1,59.1,59.1,0.0,0.0
2018-07-03,59.1,59.1,59.1,59.1,0.0,0.0
2018-07-02,59.1,59.1,59.1,59.1,0.0,0.0
2018-06-29,59.1,59.1,59.1,59.1,0.0,0.0
2018-06-28,59.1,59.1,59.1,59.1,0.0,0.0
2018-06-27,59.1,59.1,59.1,59.1,0.0,0.0
2018-06-26,59.1,59.1,59.1,59.1,0.0,0.0
2018-06-25,59.1,59.1,59.1,59.1,0.0,0.0
2018-06-22,59.1,59.1,59.1,59.1,0.0,0.0
2018-06-21,59.1,59.1,59.1,59.1,5.3,100.0
2018-06-20,53.8,53.8,53.8,53.8,0.0,0.0
2018-06-19,53.8,53.8,53.8,53.8,0.0,0.0
2018-06-18,53.8,53.8,53.8,53.8,0.0,0.0
2018-06-15,53.8,53.8,53.8,53.8,0.0,0.0
2018-06-14,53.8,53.8,53.8,53.8,0.0,0.0
2018-06-13,54.0,54.0,54.0,54.0,0.0,0.0
2018-06-12,54.0,54.0,54.0,54.0,0.0,0.0
2018-06-11,54.0,54.0,54.0,54.0,0.0,0.0
2018-06-08,54.0,54.0,54.0,54.0,0.0,0.0
2018-06-07,54.0,54.0,54.0,54.0,0.0,0.0
2018-06-06,54.0,54.0,54.0,54.0,0.0,0.0
2018-06-05,54.0,54.0,54.0,54.0,0.0,0.0
2018-06-04,54.0,54.0,54.0,54.0,0.0,0.0
2018-06-01,54.0,54.0,54.0,54.0,0.0,20.0
2018-05-31,54.0,54.0,54.0,54.0,0.0,0.0
2018-05-30,54.0,54.0,54.0,54.0,0.0,0.0
2018-05-29,54.0,54.0,54.0,54.0,0.0,0.0
2018-05-28,54.0,54.0,54.0,54.0,0.0,0.0
2018-05-25,54.0,54.0,54.0,54.0,0.0,0.0
2018-05-24,54.0,54.0,54.0,54.0,0.0,0.0
2018-05-23,54.0,54.0,54.0,54.0,0.0,0.0
2018-05-22,54.0,54.0,54.0,54.0,0.0,10.0
2018-05-21,54.0,54.0,54.0,54.0,0.0,0.0
2018-05-18,54.0,54.0,54.0,54.0,0.0,0.0
2018-05-17,54.0,54.0,54.0,54.0,0.0,0.0
2018-05-16,54.0,54.0,54.0,54.0,0.0,0.0
2018-05-15,54.0,54.0,54.0,54.0,0.0,0.0
2018-05-14,54.0,54.0,54.0,54.0,0.0,0.0
2018-05-11,54.0,54.0,54.0,54.0,0.0,0.0
2018-05-10,54.0,54.2,54.2,54.0,4.7,300.0
2018-05-09,49.3,49.3,49.3,49.3,0.0,0.0
2018-05-08,49.3,49.3,49.3,49.3,0.0,0.0
2018-05-07,49.3,49.3,49.3,49.3,0.0,0.0
2018-05-04,49.3,49.3,49.3,49.3,0.0,0.0
2018-05-03,49.3,49.3,49.3,49.3,0.0,0.0
2018-05-02,49.3,49.3,49.3,49.3,0.0,0.0
2018-04-27,49.3,49.3,49.3,49.3,0.0,0.0
2018-04-26,49.3,49.3,49.3,49.3,0.0,0.0
2018-04-24,49.3,49.3,49.3,49.3,0.0,0.0
2018-04-23,49.3,49.3,49.3,49.3,0.0,0.0
2018-04-20,49.3,49.3,49.3,49.3,0.0,0.0
2018-04-19,49.3,49.3,49.3,49.3,0.0,0.0
2018-04-18,49.3,49.3,49.3,49.3,-5.4,100.0
2018-04-17,54.7,54.7,54.7,54.7,0.0,0.0
2018-04-16,54.7,54.7,54.7,54.7,0.0,0.0
2018-04-13,54.7,54.7,54.7,54.7,0.0,0.0
2018-04-12,54.7,54.7,54.7,54.7,0.0,0.0
2018-04-11,54.7,54.7,54.7,54.7,0.0,0.0
2018-04-10,54.7,54.6,54.7,54.6,4.9,200.0
2018-04-09,49.8,49.8,49.8,49.8,0.0,0.0
2018-04-06,49.8,49.8,49.8,49.8,0.0,0.0
2018-04-05,49.8,49.8,49.8,49.8,4.5,100.0
2018-04-04,45.3,45.3,45.3,45.3,0.0,0.0
2018-04-03,45.3,45.3,45.3,45.3,0.0,0.0
2018-04-02,45.3,45.3,45.3,45.3,4.1,100.0
2018-03-30,41.2,41.2,41.2,41.2,0.0,0.0
2018-03-29,41.2,41.2,41.2,41.2,3.7,100.0
2018-03-28,37.5,37.5,37.5,37.5,0.0,27.0
2018-03-27,37.5,37.5,37.5,37.5,0.0,0.0
2018-03-26,37.5,37.5,37.5,37.5,3.4,100.0
2018-03-23,34.1,34.1,34.1,34.1,0.0,0.0
2018-03-22,34.1,34.1,34.1,34.1,0.0,0.0
2018-03-21,34.1,33.6,34.1,28.0,3.0,400.0
2018-03-20,33.6,33.6,33.6,33.6,0.0,200.0
2018-03-19,33.6,33.6,33.6,33.6,3.0,1020.0
2018-03-16,30.6,30.6,30.6,30.6,0.0,0.0
2018-03-15,30.6,30.6,30.6,30.6,0.0,900.0
2018-03-14,30.6,30.6,30.6,30.6,0.0,0.0
2018-03-13,30.6,30.6,30.6,30.6,0.1,200.0
2018-03-12,30.5,30.5,30.5,30.5,-0.1,2000.0
2018-03-09,30.6,30.6,30.6,30.6,0.0,0.0
2018-03-08,30.6,30.6,30.6,30.6,0.0,0.0
2018-03-07,30.6,30.6,30.6,30.6,0.0,0.0
2018-03-06,30.6,30.6,30.6,30.6,0.0,0.0
2018-03-05,30.6,30.6,30.6,30.6,0.0,900.0
2018-03-02,30.6,30.6,30.6,30.6,-0.6,300.0
2018-03-01,31.2,31.2,31.2,31.2,0.0,0.0
2018-02-28,31.2,31.2,31.2,31.2,0.0,0.0
2018-02-27,31.2,31.2,31.2,31.2,0.0,0.0
2018-02-26,31.2,31.0,31.2,31.0,0.0,2100.0
2018-02-23,31.2,31.0,31.2,31.0,0.0,500.0
2018-02-22,31.2,31.2,31.2,31.2,0.0,0.0
2018-02-21,31.2,30.8,31.2,30.8,0.2,2600.0
2018-02-13,31.0,31.0,31.0,31.0,0.0,0.0
2018-02-12,31.0,31.0,31.0,31.0,0.0,0.0
2018-02-09,31.0,31.0,31.0,31.0,0.0,0.0
2018-02-08,31.0,31.0,31.0,31.0,0.0,975.0
2018-02-07,31.0,31.0,31.0,31.0,0.0,0.0
2018-02-06,31.0,31.0,31.0,31.0,0.0,0.0
2018-02-05,31.0,30.0,31.0,30.0,1.0,1100.0
2018-02-02,30.0,30.0,30.0,30.0,0.0,0.0
2018-02-01,30.0,30.0,30.0,30.0,0.0,0.0
2018-01-31,30.0,30.0,30.0,30.0,0.0,0.0
2018-01-30,30.0,30.0,30.0,30.0,0.0,0.0
2018-01-29,30.0,30.0,30.0,30.0,0.0,62.0
2018-01-26,30.0,30.0,30.0,30.0,0.0,0.0
2018-01-25,30.0,30.0,30.0,30.0,0.0,300.0
2018-01-24,30.0,30.0,30.0,30.0,0.0,0.0
2018-01-23,30.0,30.0,30.0,30.0,0.0,0.0
2018-01-22,30.0,30.0,30.0,30.0,0.0,0.0
2018-01-19,30.0,30.0,30.0,30.0,0.0,0.0
2018-01-18,30.0,30.0,30.0,30.0,0.0,0.0
2018-01-17,30.0,30.0,30.0,30.0,0.0,0.0
2018-01-16,30.0,30.0,30.0,30.0,0.0,0.0
2018-01-15,30.0,30.0,30.0,30.0,0.0,0.0
2018-01-12,30.0,30.0,30.0,30.0,0.0,0.0
2018-01-11,30.0,30.0,30.0,30.0,0.0,0.0
2018-01-10,30.0,30.0,30.0,30.0,0.0,300.0
2018-01-09,30.0,30.0,30.0,30.0,0.0,0.0
2018-01-08,30.0,30.0,30.0,30.0,0.0,0.0
2018-01-05,30.0,30.0,30.0,30.0,0.0,0.0
2018-01-04,30.0,30.0,30.0,30.0,0.0,0.0
2018-01-03,30.0,30.0,30.0,30.0,0.0,0.0
2018-01-02,30.0,30.0,30.0,30.0,0.0,0.0
2017-12-29,30.0,30.0,30.0,30.0,0.0,0.0
2017-12-28,30.0,30.0,30.0,30.0,0.0,0.0
2017-12-27,30.0,30.0,30.0,30.0,0.0,0.0
2017-12-26,30.0,30.0,30.0,30.0,0.0,0.0
2017-12-25,30.0,30.0,30.0,30.0,0.0,0.0
2017-12-22,30.0,30.0,30.0,30.0,0.0,1.0
2017-12-21,30.0,30.0,30.0,30.0,0.0,0.0
2017-12-20,30.0,30.0,30.0,30.0,0.0,0.0
2017-12-19,30.0,30.0,30.0,30.0,0.0,0.0
2017-12-18,30.0,29.0,30.0,29.0,-0.1,1000.0
2017-12-15,30.1,30.1,30.1,30.1,0.0,0.0
2017-12-14,30.1,30.1,30.1,30.1,0.0,0.0
2017-12-13,30.1,30.1,30.1,30.1,0.0,0.0
2017-12-12,30.1,30.1,30.1,30.1,0.0,0.0
2017-12-11,30.1,30.1,30.1,30.1,0.0,0.0
2017-12-08,30.1,30.1,30.1,30.1,0.0,0.0
2017-12-07,30.1,30.1,30.1,30.1,0.0,0.0
2017-12-06,30.1,30.1,30.1,30.1,0.0,0.0
2017-12-05,30.1,30.1,30.1,30.1,0.0,0.0
2017-12-04,30.1,30.1,30.1,30.1,0.0,0.0
2017-12-01,30.1,30.1,30.1,30.1,0.0,0.0
2017-11-30,30.1,30.1,30.1,30.1,0.0,0.0
2017-11-29,30.1,30.1,30.1,30.1,0.0,0.0
2017-11-28,30.1,30.1,30.1,30.1,0.0,0.0
2017-11-27,30.1,30.1,30.1,30.1,0.0,0.0
2017-11-24,30.1,30.1,30.1,30.1,0.0,0.0
2017-11-23,30.1,30.1,30.1,30.1,0.0,0.0
2017-11-22,30.1,30.1,30.1,30.1,0.0,0.0
2017-11-21,30.1,30.1,30.1,30.1,0.0,324.0
2017-11-20,30.9,30.9,30.9,30.9,0.0,0.0
2017-11-17,30.9,30.9,30.9,30.9,0.0,0.0
2017-11-16,30.9,30.9,30.9,30.9,2.8,1000.0
2017-11-15,28.1,28.1,28.1,28.1,0.0,24.0
2017-11-14,28.1,28.1,28.1,28.1,-0.2,300.0
2017-11-13,28.3,28.3,28.3,28.3,0.0,0.0
2017-11-10,28.3,28.3,28.3,28.3,0.0,0.0
2017-11-09,28.3,28.3,28.3,28.3,-0.1,4300.0
2017-11-08,28.4,28.4,28.4,28.4,0.0,0.0
2017-11-07,28.4,28.4,28.4,28.4,-0.1,300.0
2017-11-06,28.5,28.5,28.5,28.5,0.0,0.0
2017-11-03,28.5,28.5,28.5,28.5,0.4,24300.0
2017-11-02,28.1,28.1,28.1,28.1,-0.5,200.0
2017-11-01,28.6,28.6,28.6,28.6,0.0,0.0
2017-10-31,28.6,28.6,28.6,28.6,0.0,0.0
2017-10-30,28.6,28.6,28.6,28.6,0.0,0.0
2017-10-27,28.6,28.6,28.6,28.6,0.0,0.0
2017-10-26,28.6,28.6,28.6,28.6,0.0,0.0
2017-10-25,28.6,28.6,28.6,28.6,0.0,0.0
2017-10-24,28.6,28.6,28.6,28.6,0.0,0.0
2017-10-23,28.6,28.6,28.6,28.6,0.0,0.0
2017-10-20,28.6,28.6,28.6,28.6,0.0,0.0
2017-10-19,28.6,28.6,28.6,28.6,0.0,0.0
2017-10-18,28.6,28.6,28.6,28.6,0.0,0.0
2017-10-17,28.6,28.6,28.6,28.6,0.0,0.0
2017-10-16,28.6,28.6,28.6,28.6,0.0,0.0
2017-10-13,28.6,28.6,28.6,28.6,0.0,0.0
2017-10-12,28.6,28.6,28.6,28.6,0.0,0.0
2017-10-11,28.6,28.6,28.6,28.6,0.0,0.0
2017-10-10,28.6,28.6,28.6,28.6,0.0,0.0
2017-10-09,28.6,28.6,28.6,28.6,0.0,0.0
2017-10-06,28.6,28.6,28.6,28.6,0.0,0.0
2017-10-05,28.6,28.6,28.6,28.6,0.0,0.0
2017-10-04,28.6,28.6,28.6,28.6,0.0,0.0
2017-10-03,28.6,28.6,28.6,28.6,0.0,0.0
2017-10-02,28.6,28.6,28.6,28.6,0.0,0.0
2017-09-29,28.6,28.6,28.6,28.6,0.0,0.0
2017-09-28,28.6,28.6,28.6,28.6,0.0,0.0
2017-09-27,28.6,28.6,28.6,28.6,0.0,0.0
2017-09-26,28.6,28.6,28.6,28.6,0.0,0.0
2017-09-25,28.6,28.6,28.6,28.6,2.6,16900.0
2017-09-22,26.0,26.0,26.0,26.0,0.0,0.0
2017-09-21,26.0,26.0,26.0,26.0,0.0,0.0
2017-09-20,26.0,26.0,26.0,26.0,0.0,0.0
2017-09-19,26.0,26.0,26.0,26.0,0.0,0.0
2017-09-18,26.0,26.0,26.0,26.0,0.0,0.0
2017-09-15,26.0,26.0,26.0,26.0,0.0,100.0
2017-09-14,26.0,26.0,26.0,26.0,0.0,0.0
2017-09-13,26.0,26.0,26.0,26.0,0.0,0.0
2017-09-12,26.0,26.0,26.0,26.0,0.0,0.0
2017-09-11,26.0,26.0,26.0,26.0,0.0,0.0
2017-09-08,26.0,26.0,26.0,26.0,0.0,100.0
2017-09-07,26.0,26.0,26.0,26.0,0.0,0.0
2017-09-06,26.0,26.0,26.0,26.0,0.0,200.0
2017-09-05,26.0,26.0,26.0,26.0,0.0,200.0
2017-09-01,26.0,26.0,26.0,26.0,-0.2,100.0
2017-08-31,26.2,26.2,26.2,26.2,-2.8,1000.0
2017-08-30,29.0,29.0,29.0,29.0,0.0,0.0
2017-08-29,29.0,29.0,29.0,29.0,0.0,0.0
2017-08-28,29.0,29.0,29.0,29.0,0.0,0.0
2017-08-25,29.0,29.0,29.0,29.0,0.0,0.0
2017-08-24,29.0,29.0,29.0,29.0,-3.2,400.0
2017-08-23,32.2,32.2,32.2,32.2,0.0,0.0
2017-08-22,32.2,32.2,32.2,32.2,0.0,0.0
2017-08-21,32.2,32.2,32.2,32.2,0.0,0.0
2017-08-18,32.2,32.2,32.2,32.2,0.0,0.0
2017-08-17,32.2,32.2,32.2,32.2,0.0,0.0
2017-08-16,32.2,32.2,32.2,32.2,0.0,0.0
2017-08-15,32.2,32.2,32.2,32.2,-3.5,300.0
2017-08-14,35.7,40.0,43.5,35.7,-3.9,300.0
2017-08-11,39.6,39.6,39.6,39.6,3.6,250.0
2017-08-10,36.0,44.0,44.0,36.0,-4.0,400.0
2017-08-09,40.0,40.0,40.0,40.0,0.0,0.0
2017-08-08,40.0,40.0,40.0,40.0,0.0,0.0
2017-08-07,40.0,40.0,40.0,40.0,3.0,100.0
2017-08-04,37.0,33.5,37.0,33.5,3.2,200.0
2017-08-03,33.8,33.8,33.8,33.8,0.0,0.0
2017-08-02,33.8,28.0,33.8,28.0,2.9,200.0
2017-08-01,30.9,26.2,30.9,26.2,1.8,673.0
2017-07-31,29.1,29.1,29.1,29.1,2.6,201.0
2017-07-28,26.5,26.5,26.5,26.5,0.0,10.0
2017-07-27,26.5,26.5,26.5,26.5,0.0,0.0
2017-07-26,26.5,26.5,26.5,26.5,0.0,0.0
2017-07-25,26.5,26.5,26.5,26.5,0.0,600.0
2017-07-24,26.5,27.0,27.0,26.5,-0.5,5010.0
2017-07-21,27.0,27.0,27.1,27.0,0.5,12500.0
2017-07-20,26.5,26.5,26.5,26.5,0.0,0.0
2017-07-19,26.5,26.4,26.5,24.0,0.1,968.0
2017-07-18,26.4,26.4,26.4,26.4,0.0,0.0
2017-07-17,26.4,26.4,26.4,26.4,0.0,0.0
2017-07-14,26.4,26.4,26.4,26.4,0.0,0.0
2017-07-13,26.4,26.4,26.4,26.4,0.0,0.0
2017-07-12,26.4,26.4,26.4,26.4,0.0,10.0
2017-07-11,26.4,26.4,26.4,26.4,0.0,0.0
2017-07-10,26.4,26.4,26.4,26.4,0.0,100.0
2017-07-07,26.4,22.7,26.4,22.7,1.2,450.0
2017-07-06,25.2,26.4,26.7,25.2,-1.2,4740.0
2017-07-05,26.4,26.4,26.4,26.3,1.4,3500.0
2017-07-04,25.0,27.0,27.0,25.0,-1.7,210.0
2017-07-03,26.7,25.0,26.7,25.0,1.6,1300.0
2017-06-30,25.1,25.1,25.1,25.1,-1.3,100.0
2017-06-29,26.4,26.4,26.4,26.4,1.4,500.0
2017-06-28,25.0,26.4,26.4,25.0,0.0,500.0
2017-06-27,25.0,26.3,26.4,25.0,0.0,3400.0
2017-06-26,25.0,25.0,25.0,25.0,-2.5,100.0
2017-06-23,27.5,27.5,27.5,27.5,2.5,110.0
2017-06-22,25.0,25.0,25.0,25.0,0.0,0.0
2017-06-21,25.0,25.0,25.0,25.0,0.0,0.0
2017-06-20,25.0,25.0,25.0,25.0,-0.1,260.0
2017-06-19,25.1,25.1,25.1,25.1,0.0,0.0
2017-06-16,25.1,27.0,27.0,25.1,0.5,500.0
2017-06-15,24.6,28.5,28.6,24.1,-1.8,420.0
2017-06-14,26.4,27.6,27.6,26.4,1.3,612.0
2017-06-13,25.1,28.0,28.6,25.1,-2.7,10740.0
2017-06-12,27.8,23.5,28.0,23.5,1.8,600.0
2017-06-09,26.0,26.0,26.0,26.0,2.1,400.0
2017-06-08,23.9,26.0,26.2,23.5,-0.1,7124.0
2017-06-07,24.0,24.0,26.1,24.0,-1.6,3118.0
2017-06-06,25.6,24.0,25.6,23.1,0.1,3800.0
2017-06-05,25.5,25.5,25.5,25.5,0.0,0.0
2017-06-02,25.5,25.1,25.5,25.0,0.5,5200.0
2017-06-01,25.0,25.0,25.0,25.0,0.0,1500.0
2017-05-31,25.0,25.0,25.0,25.0,-1.0,400.0
2017-05-30,26.0,26.0,26.0,26.0,0.0,700.0
2017-05-29,26.0,26.0,26.0,26.0,0.0,700.0
2017-05-26,26.0,27.6,27.6,25.2,0.9,2225.0
2017-05-25,25.1,25.0,25.1,22.9,2.2,1800.0
2017-05-24,22.9,22.0,22.9,22.0,2.0,1785.0
2017-05-23,20.9,20.0,20.9,20.0,1.9,7110.0
2017-05-22,19.0,19.0,19.0,19.0,1.7,1159.0
2017-05-19,17.3,17.3,17.3,17.3,1.5,525.0
2017-05-18,15.8,15.8,15.8,15.8,1.4,100.0
2017-05-17,14.4,14.4,14.4,14.4,1.3,110.0
2017-05-16,13.1,13.1,13.1,13.1,0.0,10.0
2017-05-15,13.1,13.1,13.1,13.1,0.0,0.0
2017-05-12,13.1,15.9,15.9,13.1,-1.4,5200.0
2017-05-11,14.5,14.5,14.5,14.5,0.0,0.0
2017-05-10,14.5,14.5,14.5,14.5,-1.0,300.0
2017-05-09,15.5,15.5,15.5,15.5,0.0,0.0
2017-05-08,15.5,15.5,15.5,15.5,-1.7,6300.0
2017-05-05,17.2,17.2,17.2,17.2,-1.7,100.0
2017-05-04,18.9,18.9,18.9,18.9,-1.8,119.0
2017-05-03,20.7,20.7,20.7,20.7,-2.1,130.0
2017-04-28,23.9,23.9,23.9,23.9,0.0,135.0
2017-04-27,23.9,23.9,23.9,23.9,0.0,45.0
2017-04-26,23.9,23.9,23.9,23.9,-2.6,400.0
2017-04-25,26.5,26.5,26.5,26.5,0.0,0.0
2017-04-24,26.5,26.5,26.5,26.5,0.0,0.0
2017-04-21,26.5,26.5,26.5,26.5,0.0,0.0
2017-04-20,26.5,26.5,26.5,26.5,0.0,0.0
2017-04-19,26.5,26.5,26.5,26.5,0.0,0.0
2017-04-18,26.5,26.5,26.5,26.5,0.0,0.0
2017-04-17,26.5,26.5,26.5,26.5,0.0,0.0
2017-04-14,26.5,26.5,26.5,26.5,0.0,0.0
2017-04-13,26.5,26.5,26.5,26.5,0.0,0.0
2017-04-12,26.5,26.5,26.5,26.5,0.0,0.0
2017-04-11,26.5,26.5,26.5,26.5,0.5,200.0
2017-04-10,26.0,26.0,26.0,26.0,0.0,630.0
2017-04-07,26.0,26.0,26.0,26.0,0.0,0.0
2017-04-05,26.0,26.0,26.0,26.0,0.0,50.0
2017-04-04,26.0,26.1,26.1,26.0,1.0,200.0
2017-04-03,25.0,25.0,25.0,25.0,0.0,0.0
2017-03-31,25.0,25.0,25.0,25.0,0.7,100.0
2017-03-30,24.3,24.2,24.3,24.1,0.2,408.0
2017-03-29,24.1,24.1,24.1,24.1,0.1,200.0
2017-03-28,24.0,23.1,24.0,23.1,0.9,500.0
2017-03-27,23.1,23.1,23.1,23.0,2.1,600.0
2017-03-24,21.0,21.0,21.0,21.0,0.0,0.0
2017-03-23,21.0,21.0,21.0,21.0,0.0,0.0
2017-03-22,21.0,21.0,21.0,21.0,1.0,200.0
2017-03-21,20.0,20.0,20.0,20.0,0.0,0.0
2017-03-20,20.0,20.0,20.0,20.0,0.4,300.0
2017-03-17,19.6,19.6,19.6,19.6,0.0,0.0
2017-03-16,19.6,19.6,19.6,19.6,0.0,0.0
2017-03-15,19.6,19.6,19.6,19.6,0.0,0.0
2017-03-14,19.6,19.6,19.6,19.6,0.0,200.0
2017-03-13,21.0,21.0,21.0,21.0,0.5,100.0
2017-03-10,20.5,20.5,20.5,20.5,0.0,0.0
2017-03-09,20.5,20.5,20.5,20.5,0.0,100.0
2017-03-08,20.5,20.5,20.5,20.5,-0.2,500.0
2017-03-07,20.7,20.7,20.7,20.7,-2.3,200.0
2017-03-06,23.0,23.0,23.0,23.0,-2.5,160.0
2017-03-03,25.5,25.5,25.5,25.5,2.3,115.0
2017-03-02,23.2,23.2,23.2,23.2,2.1,120.0
2017-03-01,21.1,21.1,21.1,21.1,1.9,1110.0
2017-02-28,19.2,19.2,19.2,19.2,1.7,1115.0
2017-02-27,17.5,17.0,17.5,17.0,1.5,400.0
2017-02-24,16.0,16.0,16.0,16.0,0.0,0.0
2017-02-23,16.0,16.0,16.0,16.0,0.0,0.0
2017-02-22,16.0,16.0,16.0,16.0,0.0,0.0
2017-02-21,16.0,16.0,16.0,16.0,0.0,0.0
2017-02-20,16.0,16.0,16.0,16.0,0.0,0.0
2017-02-17,16.0,16.0,16.0,16.0,0.0,0.0
2017-02-16,16.0,16.0,16.0,16.0,0.2,500.0
2017-02-15,15.8,15.8,15.8,15.8,0.0,700.0
2017-02-14,15.8,15.8,15.8,15.8,0.0,0.0
2017-02-13,15.8,15.8,15.8,15.8,0.0,0.0
2017-02-10,15.8,15.8,15.8,15.8,0.0,5.0
2017-02-09,15.8,15.8,15.8,15.8,0.3,600.0
2017-02-08,15.5,15.5,15.5,15.5,0.0,0.0
2017-02-07,15.5,15.5,15.5,15.5,0.0,0.0
2017-02-06,15.5,15.5,15.5,15.5,0.0,0.0
2017-02-03,15.5,15.5,15.5,15.5,0.0,0.0
2017-02-02,15.5,15.5,15.5,15.5,0.5,100.0
2017-01-25,15.0,15.0,15.0,15.0,0.0,0.0
2017-01-24,15.0,15.0,15.0,15.0,0.0,0.0
2017-01-23,15.0,15.0,15.0,15.0,0.0,0.0
2017-01-20,15.0,15.0,15.0,15.0,0.0,55.0
2017-01-19,15.0,15.0,15.0,15.0,-1.5,100.0
2017-01-18,16.5,16.5,16.5,16.5,0.0,50.0
2017-01-17,16.5,16.5,16.5,16.5,0.0,0.0
2017-01-16,16.5,16.5,16.5,16.5,0.0,0.0
2017-01-13,16.5,16.5,16.5,16.5,0.0,0.0
2017-01-12,16.5,16.5,16.5,16.5,0.0,1000.0
2017-01-11,16.5,16.5,16.5,16.5,0.0,0.0
2017-01-10,16.5,16.5,16.5,16.5,1.5,2400.0
2017-01-09,15.0,16.5,16.5,15.0,0.0,1000.0
2017-01-06,15.0,15.0,15.0,15.0,0.0,0.0
2017-01-05,15.0,15.0,15.0,15.0,0.0,0.0
2017-01-04,15.0,15.0,15.0,15.0,0.0,0.0
2017-01-03,15.0,17.6,17.6,15.0,-1.0,1500.0
2016-12-30,16.0,16.0,16.0,16.0,0.0,0.0
2016-12-29,16.0,16.0,16.0,16.0,0.0,0.0
2016-12-28,16.0,16.0,16.0,16.0,-1.2,1000.0
2016-12-27,17.2,17.2,17.2,17.2,0.0,0.0
2016-12-26,17.2,17.2,17.2,17.2,0.2,200.0
2016-12-23,17.0,17.0,17.0,17.0,0.0,0.0
2016-12-22,17.0,17.0,17.0,17.0,0.0,38.0
2016-12-21,17.0,17.0,17.0,17.0,0.0,0.0
2016-12-20,17.0,17.0,17.0,17.0,0.0,25.0
2016-12-19,17.0,17.0,17.0,17.0,0.0,0.0
2016-12-16,17.0,17.0,17.0,17.0,0.0,0.0
2016-12-15,17.0,17.0,17.0,17.0,0.5,100.0
2016-12-14,16.5,16.5,16.5,16.5,0.0,0.0
2016-12-13,16.5,16.5,16.5,16.5,0.6,337.0
2016-12-12,15.9,15.9,15.9,15.9,0.0,0.0
2016-12-09,15.9,15.9,15.9,15.9,0.0,0.0
2016-12-08,15.9,15.9,15.9,15.9,0.0,0.0
2016-12-07,15.9,15.9,15.9,15.9,0.0,0.0
2016-12-06,15.9,15.9,15.9,15.9,0.0,0.0
2016-12-05,15.9,15.9,15.9,15.9,0.0,0.0
2016-12-02,15.9,15.9,15.9,15.9,0.0,0.0
2016-12-01,15.9,15.9,15.9,15.9,0.0,0.0
2016-11-30,15.9,15.9,15.9,15.9,0.0,0.0
2016-11-29,15.9,15.9,15.9,15.9,0.0,0.0
2016-11-28,15.9,15.9,15.9,15.9,0.0,0.0
2016-11-25,15.9,15.9,15.9,15.9,0.0,0.0
2016-11-24,15.9,15.9,15.9,15.9,0.0,0.0
2016-11-23,15.9,15.9,15.9,15.9,0.0,0.0
2016-11-22,15.9,15.9,15.9,15.9,0.0,0.0
2016-11-21,15.9,15.9,15.9,15.9,0.0,0.0
2016-11-18,15.9,15.9,15.9,15.9,0.0,0.0
2016-11-17,15.9,15.9,15.9,15.9,-0.6,3000.0
2016-11-16,16.5,16.5,16.5,16.5,0.0,0.0
2016-11-15,16.5,16.5,16.5,16.5,0.0,0.0
2016-11-14,16.5,16.5,16.5,16.5,0.0,0.0
2016-11-11,16.5,16.5,16.5,16.5,0.0,0.0
2016-11-10,16.5,16.5,16.5,16.5,0.0,0.0
2016-11-09,16.5,16.5,16.5,16.5,0.0,100.0
2016-11-08,16.5,16.5,16.5,16.5,0.0,0.0
2016-11-07,16.5,16.5,16.5,16.5,0.0,0.0
2016-11-04,16.5,16.5,16.5,16.5,0.0,15.0
2016-11-03,16.5,16.5,16.5,16.5,0.0,0.0
2016-11-02,16.5,16.5,16.5,16.5,0.0,0.0
2016-11-01,16.5,16.5,16.5,16.5,0.0,0.0
2016-10-31,16.5,16.5,16.5,16.5,0.0,0.0
2016-10-28,16.5,16.5,16.5,16.5,0.0,0.0
2016-10-27,16.5,16.5,16.5,16.5,0.0,75.0
2016-10-26,16.5,16.5,16.5,16.5,0.0,0.0
2016-10-25,16.5,16.5,16.5,16.5,1.5,1000.0
2016-10-24,15.0,15.0,15.0,15.0,0.0,0.0
2016-10-21,15.0,15.0,15.0,15.0,0.0,0.0
2016-10-20,15.0,15.0,15.0,15.0,0.0,0.0
2016-10-19,15.0,15.0,15.0,15.0,0.0,0.0
2016-10-18,15.0,15.0,15.0,15.0,0.0,0.0
2016-10-17,15.0,15.0,15.0,15.0,0.0,0.0
2016-10-14,15.0,15.0,15.0,15.0,0.0,0.0
2016-10-13,15.0,15.0,15.0,15.0,0.0,0.0
2016-10-12,15.0,15.0,15.0,15.0,0.0,0.0
2016-10-11,15.0,15.0,15.0,15.0,-1.2,9000.0
2016-10-10,16.2,16.2,16.2,16.2,0.0,0.0
2016-10-07,16.2,16.2,16.2,16.2,0.0,0.0
2016-10-06,16.2,16.2,16.2,16.2,0.0,0.0
2016-10-05,16.2,16.2,16.2,16.2,0.0,0.0
2016-10-04,16.2,16.2,16.2,16.2,0.0,0.0
2016-10-03,16.2,16.2,16.2,16.2,0.0,0.0
2016-09-30,16.2,16.2,16.2,16.2,0.0,0.0
2016-09-29,16.2,16.2,16.2,16.2,0.0,0.0
2016-09-28,16.2,16.2,16.2,16.2,0.0,0.0
2016-09-27,16.2,16.2,16.2,16.2,0.0,0.0
2016-09-26,16.2,16.2,16.2,16.2,0.0,0.0
2016-09-23,16.2,19.0,19.0,16.2,-1.8,1900.0
2016-09-22,18.0,18.0,18.0,18.0,0.0,1300.0
2016-09-21,18.0,18.0,18.0,18.0,0.0,4200.0
2016-09-20,18.0,18.0,18.0,18.0,-0.6,1000.0
2016-09-19,18.6,18.6,18.6,18.6,0.0,0.0
2016-09-16,18.6,18.6,18.6,18.6,0.0,100.0
2016-09-15,18.6,18.6,18.6,18.6,0.0,0.0
2016-09-14,18.6,18.6,18.6,18.6,0.0,0.0
2016-09-13,18.6,18.6,18.6,18.6,0.0,0.0
2016-09-12,18.6,18.6,18.6,18.6,0.0,0.0
2016-09-09,18.6,18.6,18.6,18.6,0.0,0.0
2016-09-08,18.6,18.6,18.6,18.6,0.0,0.0
2016-09-07,18.6,18.6,18.6,18.6,0.0,0.0
2016-09-06,18.6,18.6,18.6,18.6,0.0,0.0
2016-09-05,18.6,18.6,18.6,18.6,0.0,0.0
2016-09-01,18.6,18.6,18.6,18.6,0.0,0.0
2016-08-31,18.6,18.6,18.6,18.6,0.0,0.0
2016-08-30,18.6,18.6,18.6,18.6,0.0,0.0
2016-08-29,18.6,18.6,18.6,18.6,0.0,0.0
2016-08-26,18.6,18.6,18.6,18.6,0.0,0.0
2016-08-25,18.6,18.6,18.6,18.6,0.0,0.0
2016-08-24,18.6,18.6,18.6,18.6,0.0,0.0
2016-08-23,18.6,18.6,18.6,18.6,0.0,0.0
2016-08-22,18.6,18.6,18.6,18.6,0.0,0.0
2016-08-19,18.6,18.6,18.6,18.6,0.0,0.0
2016-08-18,18.6,18.6,18.6,18.6,0.0,0.0
2016-08-17,18.6,18.6,18.6,18.6,0.0,0.0
2016-08-16,18.6,18.6,18.6,18.6,0.0,0.0
2016-08-15,18.6,18.6,18.6,18.6,0.0,0.0
2016-08-12,18.6,18.6,18.6,18.6,0.0,0.0
2016-08-11,18.6,18.6,18.6,18.6,0.0,0.0
2016-08-10,18.6,18.6,18.6,18.6,0.0,0.0
2016-08-09,18.6,18.6,18.6,18.6,0.0,0.0
2016-08-08,18.6,18.6,18.6,18.6,0.0,0.0
2016-08-05,18.6,18.6,18.6,18.6,0.0,0.0
2016-08-04,18.6,18.6,18.6,18.6,0.1,100.0
2016-08-03,18.5,18.5,18.5,18.5,0.0,0.0
2016-08-02,18.5,18.5,18.5,18.5,0.5,100.0
2016-08-01,18.0,18.0,18.0,18.0,0.0,0.0
2016-07-29,18.0,18.0,18.0,18.0,0.0,0.0
2016-07-28,18.0,18.0,18.0,18.0,0.0,0.0
2016-07-27,18.0,18.0,18.0,18.0,0.0,0.0
2016-07-26,18.0,18.0,18.0,18.0,0.0,0.0
2016-07-25,18.0,18.0,18.0,18.0,0.0,0.0
2016-07-22,18.0,18.0,18.0,18.0,0.0,0.0
2016-07-21,18.0,18.0,18.0,18.0,0.0,0.0
2016-07-20,18.0,18.0,18.0,18.0,0.0,0.0
2016-07-19,18.0,18.0,18.0,18.0,0.0,0.0
2016-07-18,18.0,18.0,18.0,18.0,0.0,0.0
2016-07-15,18.0,18.0,18.0,18.0,0.0,50.0
2016-07-14,18.0,18.0,18.0,18.0,0.0,0.0
2016-07-13,18.0,18.0,18.0,18.0,-2.0,100.0
2016-07-12,20.0,20.0,20.0,20.0,0.0,0.0
2016-07-11,20.0,21.6,21.6,20.0,0.3,1700.0
2016-07-08,29.8,29.8,29.8,29.8,2.7,400.0
2016-07-07,27.1,27.1,27.1,27.1,0.0,0.0
2016-07-06,27.1,27.1,27.1,27.1,0.0,100.0
2016-07-05,27.1,25.9,27.1,25.9,2.4,1040.0
2016-07-04,24.7,22.6,24.7,22.6,2.2,700.0
2016-07-01,22.5,22.5,22.5,22.5,2.0,200.0
2016-06-30,20.5,20.5,20.5,20.5,0.0,0.0
2016-06-29,20.5,20.5,20.5,20.5,0.0,0.0
2016-06-28,20.5,20.5,20.5,20.5,1.8,26240.0
2016-06-27,18.7,18.7,18.7,18.7,0.0,0.0
2016-06-24,18.7,18.7,18.7,18.7,0.0,0.0
2016-06-23,18.7,18.7,18.7,18.7,0.0,0.0
2016-06-22,18.7,18.7,18.7,18.7,0.0,0.0
2016-06-21,18.7,18.7,18.7,18.7,0.0,0.0
2016-06-20,18.7,18.7,18.7,18.7,0.0,0.0
2016-06-17,18.7,18.7,18.7,18.7,0.0,0.0
2016-06-16,18.7,18.7,18.7,18.7,0.0,0.0
2016-06-15,18.7,18.7,18.7,18.7,0.0,0.0
2016-06-14,18.7,18.7,18.7,18.7,-2.0,100.0
2016-06-13,20.7,20.7,20.7,20.7,0.0,0.0
2016-06-10,20.7,20.7,20.7,20.7,0.0,0.0
2016-06-09,20.7,20.7,20.7,20.7,1.8,325.0
2016-06-08,18.9,18.9,18.9,18.9,1.7,375.0
2016-06-07,17.2,17.2,17.2,17.2,0.0,0.0
2016-06-06,17.2,17.2,17.2,17.2,0.0,0.0
2016-06-03,17.2,17.2,17.2,17.2,-1.9,500.0
2016-06-02,19.1,19.1,19.1,19.1,0.0,0.0
2016-06-01,19.1,19.1,19.1,19.1,0.0,0.0
2016-05-31,19.1,19.1,19.1,19.1,0.0,0.0
2016-05-30,19.1,19.1,19.1,19.1,0.0,0.0
2016-05-27,19.1,19.1,19.1,19.1,0.0,0.0
2016-05-26,19.1,19.1,19.1,19.1,0.0,0.0
2016-05-25,19.1,19.1,19.1,19.1,0.0,0.0
2016-05-24,19.1,19.1,19.1,19.1,0.0,0.0
2016-05-23,19.1,19.1,19.1,19.1,0.0,0.0
2016-05-20,19.1,19.1,19.1,19.1,0.0,0.0
2016-05-19,19.1,19.1,19.1,19.1,0.0,0.0
2016-05-18,19.1,19.1,19.1,19.1,0.0,0.0
2016-05-17,19.1,19.1,19.1,19.1,0.2,200.0
2016-05-16,18.9,18.9,18.9,18.9,0.0,0.0
2016-05-13,18.9,18.9,18.9,18.9,0.0,0.0
2016-05-12,18.9,18.9,18.9,18.9,0.0,0.0
2016-05-11,18.9,18.9,18.9,18.9,0.0,0.0
2016-05-10,18.9,18.9,18.9,18.9,0.0,0.0
2016-05-09,18.9,18.9,18.9,18.9,0.0,0.0
2016-05-06,18.9,18.9,18.9,18.9,0.0,0.0
2016-05-05,18.9,18.9,18.9,18.9,0.0,0.0
2016-05-04,18.9,18.9,18.9,18.9,0.0,0.0
2016-04-29,18.9,18.9,18.9,18.9,0.0,0.0
2016-04-28,18.9,18.9,18.9,18.9,0.0,0.0
2016-04-27,18.9,18.9,18.9,18.9,0.0,0.0
2016-04-26,18.9,18.9,18.9,18.9,0.0,0.0
2016-04-25,18.9,18.9,18.9,18.9,0.0,0.0
2016-04-22,18.9,18.9,18.9,18.9,0.0,0.0
2016-04-21,18.9,18.9,18.9,18.9,0.0,0.0
2016-04-20,18.9,18.9,18.9,18.9,0.0,0.0
2016-04-19,18.9,18.9,18.9,18.9,0.0,0.0
2016-04-15,18.9,18.9,18.9,18.9,0.0,0.0
2016-04-14,18.9,18.9,18.9,18.9,0.0,0.0
2016-04-13,18.9,18.9,18.9,18.9,0.0,0.0
2016-04-12,18.9,18.9,18.9,18.9,0.0,0.0
2016-04-11,18.9,18.9,18.9,18.9,0.0,0.0
2016-04-08,18.9,18.9,18.9,18.9,0.0,0.0
2016-04-07,18.9,18.9,18.9,18.9,0.0,0.0
2016-04-06,18.9,18.9,18.9,18.9,0.0,0.0
2016-04-05,18.9,18.9,18.9,18.9,0.0,0.0
2016-04-04,18.9,18.9,18.9,18.9,0.0,0.0
2016-04-01,18.9,18.9,18.9,18.9,0.0,0.0
2016-03-31,18.9,18.9,18.9,18.9,0.0,0.0
2016-03-30,18.9,18.9,18.9,18.9,0.0,0.0
2016-03-29,18.9,18.9,18.9,18.9,0.0,0.0
2016-03-28,18.9,18.9,18.9,18.9,0.0,0.0
2016-03-25,18.9,18.9,18.9,18.9,0.0,0.0
2016-03-24,18.9,18.9,18.9,18.9,0.0,0.0
2016-03-23,18.9,18.9,18.9,18.9,0.0,0.0
2016-03-22,18.9,18.9,18.9,18.9,0.0,0.0
2016-03-21,18.9,18.9,18.9,18.9,0.0,0.0
2016-03-18,18.9,18.9,18.9,18.9,0.0,0.0
2016-03-17,18.9,18.9,18.9,18.9,0.0,0.0
2016-03-16,18.9,18.9,18.9,18.9,0.0,0.0
2016-03-15,18.9,18.9,18.9,18.9,0.0,0.0
2016-03-14,18.9,18.9,18.9,18.9,0.0,0.0
2016-03-11,20.1,20.1,20.1,20.1,0.0,0.0
2016-03-10,20.1,20.1,20.1,20.1,0.0,0.0
2016-03-09,20.1,20.1,20.1,20.1,0.0,0.0
2016-03-08,20.1,20.1,20.1,20.1,0.0,0.0
2016-03-07,20.1,20.1,20.1,20.1,0.0,0.0
2016-03-04,20.1,20.1,20.1,20.1,0.0,0.0
2016-03-03,20.1,20.1,20.1,20.1,0.0,0.0
2016-03-02,20.1,20.1,20.1,20.1,0.0,0.0
2016-03-01,20.1,20.1,20.1,20.1,0.0,0.0
2016-02-29,20.1,20.1,20.1,20.1,0.0,0.0
2016-02-26,20.1,20.1,20.1,20.1,0.0,0.0
2016-02-25,20.1,20.1,20.1,20.1,0.0,0.0
2016-02-24,20.1,20.1,20.1,20.1,0.0,0.0
2016-02-23,20.1,20.1,20.1,20.1,0.0,0.0
2016-02-22,20.1,20.1,20.1,20.1,-2.2,100.0
2016-02-19,22.3,22.3,22.3,22.3,0.0,0.0
2016-02-18,22.3,22.3,22.3,22.3,0.0,0.0
2016-02-17,22.3,22.3,22.3,22.3,0.0,0.0
2016-02-16,22.3,22.3,22.3,22.3,0.0,0.0
2016-02-15,22.3,22.3,22.3,22.3,0.0,0.0
2016-02-05,22.3,22.3,22.3,22.3,0.0,0.0
2016-02-04,22.3,22.3,22.3,22.3,0.0,0.0
2016-02-03,22.3,22.3,22.3,22.3,0.0,0.0
2016-02-02,22.3,22.3,22.3,22.3,0.0,0.0
2016-02-01,22.3,22.3,22.3,22.3,0.0,0.0
2016-01-29,22.3,22.3,22.3,22.3,0.0,75.0
2016-01-28,22.3,22.3,22.3,22.3,0.0,0.0
2016-01-27,22.3,22.3,22.3,22.3,0.0,0.0
2016-01-26,22.3,22.3,22.3,22.3,0.0,0.0
2016-01-25,22.3,22.3,22.3,22.3,0.0,0.0
2016-01-22,22.3,22.3,22.3,22.3,0.0,0.0
2016-01-21,22.3,22.3,22.3,22.3,0.0,0.0
2016-01-20,22.3,22.3,22.3,22.3,0.0,0.0
2016-01-19,22.3,22.3,22.3,22.3,0.0,0.0
2016-01-18,22.3,22.3,22.3,22.3,0.0,0.0
2016-01-15,22.3,22.3,22.3,22.3,0.0,0.0
2016-01-14,22.3,22.3,22.3,22.3,0.0,900.0
2016-01-13,22.3,22.3,22.3,22.3,2.0,400.0
2016-01-12,20.3,20.3,20.3,20.3,0.0,0.0
2016-01-11,20.3,20.3,20.3,20.3,0.0,0.0
2016-01-08,20.3,20.3,20.3,20.3,0.0,0.0
2016-01-07,20.3,20.3,20.3,20.3,0.0,0.0
2016-01-06,20.3,20.3,20.3,20.3,0.0,0.0
2016-01-05,20.3,20.3,20.3,20.3,0.0,0.0
2016-01-04,20.3,20.3,20.3,20.3,0.0,0.0
2015-12-31,20.3,20.3,20.3,20.3,0.0,0.0
2015-12-30,20.3,20.3,20.3,20.3,0.0,0.0
2015-12-29,20.3,20.3,20.3,20.3,0.0,0.0
2015-12-28,20.3,20.3,20.3,20.3,0.0,0.0
2015-12-25,20.3,20.3,20.3,20.3,0.0,0.0
2015-12-24,20.3,20.3,20.3,20.3,0.0,0.0
2015-12-23,20.3,20.3,20.3,20.3,0.0,0.0
2015-12-22,20.3,20.3,20.3,20.3,0.0,0.0
2015-12-21,20.3,20.3,20.3,20.3,0.0,0.0
2015-12-18,20.3,20.3,20.3,20.3,0.0,0.0
2015-12-17,20.3,20.3,20.3,20.3,0.0,0.0
2015-12-16,20.3,20.3,20.3,20.3,0.0,0.0
2015-12-15,20.3,20.3,20.3,20.3,0.0,0.0
2015-12-14,20.3,20.3,20.3,20.3,0.0,0.0
2015-12-11,20.3,20.3,20.3,20.3,0.0,0.0
2015-12-10,20.3,20.3,20.3,20.3,1.8,1400.0
2015-12-09,18.5,18.5,18.5,18.5,0.0,0.0
2015-12-08,18.5,18.5,18.5,18.5,0.5,400.0
2015-12-07,18.0,18.0,18.0,18.0,0.0,0.0
2015-12-04,18.0,18.0,18.0,18.0,0.0,0.0
2015-12-03,18.0,18.0,18.0,18.0,0.0,0.0
2015-12-02,18.0,18.0,18.0,18.0,0.0,0.0
2015-12-01,18.0,18.0,18.0,18.0,-1.3,1400.0
2015-11-30,19.3,19.3,19.3,19.3,0.0,0.0
2015-11-27,19.3,19.3,19.3,19.3,0.0,0.0
2015-11-26,19.3,19.3,19.3,19.3,0.0,0.0
2015-11-25,19.3,19.3,19.3,19.3,0.0,0.0
2015-11-24,19.3,19.3,19.3,19.3,0.0,0.0
2015-11-23,19.3,19.3,19.3,19.3,0.0,0.0
2015-11-20,19.3,19.3,19.3,19.3,0.0,0.0
2015-11-19,19.3,19.3,19.3,19.3,0.0,0.0
2015-11-18,19.3,19.3,19.3,19.3,0.0,0.0
2015-11-17,19.3,19.3,19.3,19.3,0.0,0.0
2015-11-16,19.3,19.3,19.3,19.3,0.0,0.0
2015-11-13,19.3,19.3,19.3,19.3,0.0,0.0
2015-11-12,19.3,19.3,19.3,19.3,0.0,0.0
2015-11-11,19.3,19.3,19.3,19.3,0.0,0.0
2015-11-10,19.3,19.3,19.3,19.3,0.0,0.0
2015-11-09,19.3,19.3,19.3,19.3,0.0,0.0
2015-11-06,19.3,19.3,19.3,19.3,0.0,0.0
2015-11-05,19.3,19.3,19.3,19.3,0.0,0.0
2015-11-04,19.3,19.3,19.3,19.3,0.0,0.0
2015-11-03,19.3,19.3,19.3,19.3,0.0,0.0
2015-11-02,19.3,19.3,19.3,19.3,0.0,0.0
2015-10-30,19.3,19.3,19.3,19.3,0.0,0.0
2015-10-29,19.3,19.3,19.3,19.3,0.0,0.0
2015-10-28,19.3,19.3,19.3,19.3,0.0,0.0
2015-10-27,19.3,19.3,19.3,19.3,0.0,0.0
2015-10-26,19.3,19.3,19.3,19.3,0.0,0.0
2015-10-23,19.3,19.3,19.3,19.3,0.0,0.0
2015-10-22,19.3,19.3,19.3,19.3,-2.1,100.0
2015-10-21,21.4,21.4,21.4,21.4,0.0,0.0
2015-10-20,21.4,21.4,21.4,21.4,0.0,0.0
2015-10-19,21.4,21.4,21.4,21.4,0.0,0.0
2015-10-16,21.4,21.4,21.4,21.4,0.0,0.0
2015-10-15,21.4,21.4,21.4,21.4,0.0,50.0
2015-10-14,21.4,21.4,21.4,21.4,0.0,0.0
2015-10-13,21.4,19.5,21.4,19.5,1.9,22200.0
2015-10-12,19.5,19.5,19.5,19.5,0.0,6500.0
2015-10-09,19.5,19.2,19.5,19.2,1.0,3700.0
2015-10-08,18.5,18.5,18.5,18.5,0.0,0.0
2015-10-07,18.5,18.5,18.5,18.5,0.0,0.0
2015-10-06,18.5,18.5,18.5,18.5,0.0,0.0
2015-10-05,18.5,18.5,18.5,18.5,1.0,1000.0
2015-10-02,17.5,17.5,17.5,17.5,0.0,0.0
2015-10-01,17.5,17.5,17.5,17.5,0.0,0.0
2015-09-30,17.5,17.0,17.5,17.0,0.5,7600.0
2015-09-29,17.0,17.0,17.0,17.0,0.0,0.0
2015-09-28,17.0,17.0,17.0,17.0,0.0,0.0
2015-09-25,17.0,17.0,17.0,17.0,0.0,300.0
2015-09-24,17.0,17.0,17.0,17.0,0.0,0.0
2015-09-23,17.0,17.0,17.0,17.0,1.0,3000.0
2015-09-22,16.0,16.0,16.0,16.0,0.0,0.0
2015-09-21,16.0,16.0,16.0,16.0,-1.0,100.0
2015-09-18,17.0,17.0,17.0,17.0,0.0,50.0
2015-09-17,17.0,17.0,17.0,17.0,0.0,0.0
2015-09-16,17.0,17.0,17.0,17.0,0.0,0.0
2015-09-15,17.0,17.0,17.0,17.0,0.0,100.0
2015-09-14,17.0,17.0,17.0,17.0,0.0,100.0
2015-09-11,17.0,17.0,17.0,17.0,0.0,100.0
2015-09-10,17.0,17.0,17.0,17.0,0.0,400.0
2015-09-09,17.0,17.0,17.0,17.0,0.0,25.0
2015-09-08,17.0,17.0,17.0,17.0,0.0,200.0
2015-09-07,17.0,17.0,17.0,17.0,0.0,200.0
2015-09-04,17.0,17.0,17.0,17.0,0.0,100.0
2015-09-03,17.0,17.0,17.0,17.0,0.0,0.0
2015-09-01,17.0,17.0,17.0,17.0,0.0,500.0
2015-08-31,17.0,17.0,17.0,17.0,1.0,200.0
2015-08-28,16.0,16.0,16.0,16.0,0.0,0.0
2015-08-27,16.0,16.0,16.0,16.0,0.0,0.0
2015-08-26,16.0,16.0,16.0,16.0,0.0,0.0
2015-08-25,16.0,16.0,16.0,16.0,0.0,0.0
2015-08-24,16.0,16.0,16.0,16.0,0.0,0.0
2015-08-21,16.0,16.0,16.0,16.0,-0.1,200.0
2015-08-20,16.1,16.1,16.1,16.1,0.0,100.0
2015-08-19,16.1,16.1,16.1,16.1,-1.0,1100.0
2015-08-18,17.1,17.1,17.1,17.1,0.0,0.0
2015-08-17,17.1,17.1,17.1,17.1,0.0,0.0
2015-08-14,17.1,17.1,17.1,17.1,0.0,0.0
2015-08-13,17.1,17.1,17.1,17.1,0.0,0.0
2015-08-12,17.1,17.1,17.1,17.1,0.0,0.0
2015-08-11,17.1,17.1,17.1,17.1,0.0,0.0
2015-08-10,17.1,17.1,17.1,17.1,0.0,0.0
2015-08-07,17.1,17.1,17.1,17.1,0.0,0.0
2015-08-06,17.1,17.1,17.1,17.1,0.0,0.0
2015-08-05,17.1,17.1,17.1,17.1,0.0,0.0
2015-08-04,17.1,17.1,17.1,17.1,0.0,0.0
2015-08-03,17.1,17.1,17.1,17.1,0.0,0.0
2015-07-31,17.1,17.1,17.1,17.1,0.0,0.0
2015-07-30,17.1,17.1,17.1,17.1,0.0,0.0
2015-07-29,17.1,17.1,17.1,17.1,0.0,0.0
2015-07-28,17.1,17.1,17.1,17.1,0.0,0.0
2015-07-27,17.1,17.1,17.1,17.1,0.0,0.0
2015-07-24,17.1,17.1,17.1,17.1,0.0,0.0
2015-07-23,17.1,17.1,17.1,17.1,0.0,0.0
2015-07-22,17.1,17.1,17.1,17.1,0.0,0.0
2015-07-21,17.1,17.1,17.1,17.1,0.0,0.0
2015-07-20,17.1,17.1,17.1,17.1,0.0,0.0
2015-07-17,17.1,17.1,17.1,17.1,0.0,0.0
2015-07-16,17.1,17.1,17.1,17.1,0.0,0.0
2015-07-15,17.1,17.1,17.1,17.1,0.0,0.0
2015-07-14,17.1,17.1,17.1,17.1,0.0,0.0
2015-07-13,17.1,17.1,17.1,17.1,0.0,0.0
2015-07-10,17.1,17.1,17.1,17.1,0.0,0.0
2015-07-09,17.1,17.1,17.1,17.1,0.0,0.0
2015-07-08,17.1,17.1,17.1,17.1,0.0,0.0
2015-07-07,17.1,17.1,17.1,17.1,0.0,0.0
2015-07-06,17.1,17.1,17.1,17.1,0.0,0.0
2015-07-03,17.1,17.1,17.1,17.1,0.0,0.0
2015-07-02,17.1,17.1,17.1,17.1,0.0,0.0
2015-07-01,17.1,17.1,17.1,17.1,0.0,0.0
2015-06-30,17.1,17.1,17.1,17.1,0.0,0.0
2015-06-29,17.1,17.1,17.1,17.1,0.0,0.0
2015-06-26,17.1,17.1,17.1,17.1,0.0,0.0
2015-06-25,17.1,17.1,17.1,17.1,0.0,0.0
2015-06-24,17.1,17.1,17.1,17.1,0.0,0.0
2015-06-23,17.1,17.1,17.1,17.1,0.0,0.0
2015-06-22,17.1,17.1,17.1,17.1,0.0,0.0
2015-06-19,17.1,17.1,17.1,17.1,0.0,0.0
2015-06-18,17.1,17.1,17.1,17.1,0.0,0.0
2015-06-17,17.1,17.1,17.1,17.1,0.0,0.0
2015-06-16,17.1,17.1,17.1,17.1,0.0,0.0
2015-06-15,17.1,17.1,17.1,17.1,-1.9,500.0
2015-06-12,19.0,19.0,19.0,19.0,0.0,0.0
2015-06-11,19.0,19.0,19.0,19.0,0.0,200.0
2015-06-10,19.0,19.0,19.0,19.0,0.0,0.0
2015-06-09,19.0,19.0,19.0,19.0,0.0,0.0
2015-06-08,19.0,19.0,19.0,19.0,0.0,0.0
2015-06-05,19.0,19.0,19.0,19.0,0.0,0.0
2015-06-04,19.0,19.0,19.0,19.0,0.0,0.0
2015-06-03,19.0,19.0,19.0,19.0,0.0,0.0
2015-06-02,19.0,19.0,19.0,19.0,0.0,0.0
2015-06-01,19.0,19.0,19.0,19.0,0.0,0.0
2015-05-29,19.0,19.0,19.0,19.0,0.0,0.0
2015-05-28,19.0,19.0,19.0,19.0,0.0,0.0
2015-05-27,19.0,19.0,19.0,19.0,0.0,0.0
2015-05-26,19.0,19.0,19.0,19.0,0.0,0.0
2015-05-25,19.0,19.0,19.0,19.0,0.0,0.0
2015-05-22,19.0,19.0,19.0,19.0,0.0,0.0
2015-05-21,19.0,19.0,19.0,19.0,0.0,0.0
2015-05-20,19.0,19.0,19.0,19.0,0.0,0.0
2015-05-19,19.0,19.0,19.0,19.0,0.0,0.0
2015-05-18,19.0,19.0,19.0,19.0,0.0,0.0
2015-05-15,19.0,19.0,19.0,19.0,0.0,500.0
2015-05-14,19.0,19.0,19.0,19.0,0.0,0.0
2015-05-13,19.0,19.0,19.0,19.0,0.0,0.0
2015-05-12,19.0,19.0,19.0,19.0,0.0,0.0
2015-05-11,19.0,19.0,19.0,19.0,0.0,0.0
2015-05-08,19.0,19.0,19.0,19.0,0.0,1000.0
2015-05-07,19.0,19.0,19.0,19.0,0.0,0.0
2015-05-06,19.0,19.0,19.0,19.0,0.0,0.0
2015-05-05,19.0,19.0,19.0,19.0,0.0,0.0
2015-05-04,19.0,19.0,19.0,19.0,0.5,2700.0
2015-04-27,18.5,18.5,18.5,18.5,0.0,0.0
2015-04-24,18.5,18.5,18.5,18.5,0.0,0.0
2015-04-23,18.5,18.5,18.5,18.5,0.0,0.0
2015-04-22,18.5,18.5,18.5,18.5,0.0,1100.0
2015-04-21,18.5,18.3,18.5,18.3,0.4,1200.0
2015-04-20,18.1,18.1,18.1,18.1,0.0,2000.0
2015-04-17,18.1,18.1,18.1,18.1,0.0,0.0
2015-04-16,18.1,18.1,18.1,18.1,0.0,0.0
2015-04-15,18.1,18.1,18.1,18.1,0.6,1200.0
2015-04-14,17.5,17.5,17.5,17.5,0.0,0.0
2015-04-13,17.5,17.5,17.5,17.5,0.0,0.0
2015-04-10,17.5,17.5,17.5,17.5,0.0,0.0
2015-04-09,17.5,17.5,17.5,17.5,1.0,2000.0
2015-04-08,16.5,16.5,16.5,16.5,0.0,0.0
2015-04-07,16.5,16.5,16.5,16.5,0.0,0.0
2015-04-06,16.5,16.5,16.5,16.5,0.0,0.0
2015-04-03,16.5,16.5,16.5,16.5,0.0,0.0
2015-04-02,16.5,16.5,16.5,16.5,0.0,0.0
2015-04-01,16.5,16.5,16.5,16.5,0.0,0.0
2015-03-31,16.5,16.5,16.5,16.5,0.0,0.0
2015-03-30,16.5,16.5,16.5,16.5,0.0,0.0
2015-03-27,16.5,16.5,16.5,16.5,1.5,10400.0
2015-03-26,15.0,15.0,15.0,15.0,0.1,200.0
2015-03-25,14.9,12.3,14.9,12.3,1.3,8100.0
2015-03-24,13.6,13.6,13.6,13.6,0.2,1000.0
2015-03-23,13.4,13.4,13.4,13.4,0.0,0.0
2015-03-20,13.4,13.4,13.4,13.4,0.0,0.0
2015-03-19,13.4,13.4,13.4,13.4,0.0,0.0
2015-03-18,13.4,13.4,13.4,13.4,0.0,200.0
2015-03-17,13.4,13.4,13.4,13.4,0.0,0.0
2015-03-16,13.4,13.4,13.4,13.4,0.0,24.0
2015-03-13,13.4,13.4,13.4,13.4,0.0,100.0
2015-03-12,13.4,13.4,13.4,13.4,0.2,5000.0
2015-03-11,13.2,13.2,13.2,13.2,0.0,400.0
2015-03-10,14.4,14.4,14.4,14.4,1.2,51.0
2015-03-09,14.4,14.4,14.4,13.0,1.3,7500.0
2015-03-06,13.1,13.1,13.1,13.1,0.0,0.0
2015-03-05,13.1,13.1,13.1,13.1,0.0,49.0
2015-03-04,13.1,13.1,13.1,13.1,0.0,0.0
2015-03-03,13.1,13.1,13.1,13.1,0.0,0.0
2015-03-02,13.1,13.1,13.1,13.1,0.0,0.0
2015-02-27,13.1,13.1,13.1,13.1,0.0,0.0
2015-02-26,13.1,13.1,13.1,13.1,0.0,0.0
2015-02-25,13.1,13.1,13.1,13.1,0.0,0.0
2015-02-24,13.1,13.1,13.1,13.1,0.0,0.0
2015-02-13,13.1,13.1,13.1,13.1,0.0,0.0
2015-02-12,13.1,13.1,13.1,13.1,0.0,0.0
2015-02-11,13.1,13.1,13.1,13.1,0.0,0.0
2015-02-10,13.1,13.1,13.1,13.1,0.0,0.0
2015-02-09,13.1,13.1,13.1,13.1,0.0,0.0
2015-02-06,13.1,13.1,13.1,13.1,0.0,0.0
2015-02-05,13.1,13.1,13.1,13.1,0.0,0.0
2015-02-04,13.1,13.1,13.1,13.1,0.0,0.0
2015-02-03,13.1,13.1,13.1,13.1,0.0,0.0
2015-02-02,13.1,13.1,13.1,13.1,0.0,0.0
2015-01-30,13.1,13.1,13.1,13.1,0.0,0.0
2015-01-29,13.1,13.1,13.1,13.1,0.0,0.0
2015-01-28,13.1,13.1,13.1,13.1,0.0,0.0
2015-01-27,13.1,13.1,13.1,13.1,0.0,0.0
2015-01-26,13.1,13.1,13.1,13.1,0.0,0.0
2015-01-23,13.1,13.1,13.1,13.1,0.0,0.0
2015-01-22,13.1,13.1,13.1,13.1,0.0,0.0
2015-01-21,13.1,13.1,13.1,13.1,0.0,0.0
2015-01-20,13.1,13.1,13.1,13.1,0.0,0.0
2015-01-19,13.1,13.1,13.1,13.1,0.0,0.0
2015-01-16,13.1,13.1,13.1,13.1,0.0,0.0
2015-01-15,13.1,13.1,13.1,13.1,0.0,0.0
2015-01-14,13.1,13.1,13.1,13.1,0.0,0.0
2015-01-13,13.1,13.1,13.1,13.1,0.0,0.0
2015-01-12,13.1,13.1,13.1,13.1,0.1,200.0
2015-01-09,13.0,13.0,13.0,13.0,0.0,0.0
2015-01-08,13.0,13.0,13.0,13.0,0.0,0.0
2015-01-07,13.0,13.0,13.0,13.0,0.0,0.0
2015-01-06,13.0,13.0,13.0,13.0,0.0,1000.0
2015-01-05,13.0,13.0,13.0,13.0,0.0,0.0
2014-12-31,13.0,13.0,13.0,13.0,0.0,0.0
2014-12-30,13.0,13.0,13.0,13.0,-0.9,149.0
2014-12-29,13.9,13.9,13.9,13.9,0.0,0.0
2014-12-26,13.9,13.9,13.9,13.9,0.0,0.0
2014-12-25,13.9,13.9,13.9,13.9,-0.1,200.0
2014-12-24,14.0,14.0,14.0,14.0,0.0,0.0
2014-12-23,14.0,14.0,14.0,14.0,0.0,0.0
2014-12-22,14.0,14.0,14.0,14.0,0.0,100.0
2014-12-19,14.0,14.0,14.0,14.0,0.0,0.0
2014-12-18,14.0,14.0,14.0,14.0,0.0,0.0
2014-12-17,14.0,14.0,14.0,14.0,0.7,100.0
2014-12-16,13.3,13.3,13.3,13.3,0.0,0.0
2014-12-15,13.3,13.3,13.3,13.3,0.0,0.0
2014-12-12,13.3,13.3,13.3,13.3,0.0,0.0
2014-12-11,13.3,13.3,13.3,13.3,0.0,0.0
2014-12-10,13.3,13.3,13.3,13.3,0.0,0.0
2014-12-09,13.3,13.3,13.3,13.3,0.1,1000.0
2014-12-08,13.2,13.2,13.2,13.2,0.0,0.0
2014-12-05,13.2,13.2,13.2,13.2,0.1,1000.0
2014-12-04,13.1,13.1,13.1,13.1,0.0,0.0
2014-12-03,13.1,13.1,13.1,13.1,0.0,0.0
2014-12-02,13.1,13.1,13.1,13.1,0.0,0.0
2014-12-01,13.1,13.1,13.1,13.1,0.0,0.0
2014-11-28,13.1,13.1,13.1,13.1,0.0,0.0
2014-11-27,13.1,13.1,13.1,13.1,0.0,0.0
2014-11-26,13.1,13.1,13.1,13.1,0.0,0.0
2014-11-25,13.1,13.1,13.1,13.1,0.0,0.0
2014-11-24,13.1,13.1,13.1,13.1,0.0,0.0
2014-11-21,13.1,13.1,13.1,13.1,0.0,0.0
2014-11-20,13.1,13.1,13.1,13.1,0.0,100.0
2014-11-19,13.1,13.1,13.1,13.1,-0.6,100.0
2014-11-18,13.7,13.7,13.7,13.7,0.0,0.0
2014-11-17,13.7,13.7,13.7,13.7,1.2,1000.0
2014-11-14,12.5,12.5,12.5,12.5,0.0,0.0
2014-11-13,12.5,12.5,12.5,12.5,0.0,0.0
2014-11-12,12.5,12.5,12.5,12.5,0.0,0.0
2014-11-11,12.5,12.5,12.5,12.5,0.0,0.0
2014-11-10,12.5,12.5,12.5,12.5,0.0,0.0
2014-11-07,12.5,12.5,12.5,12.5,0.0,0.0
2014-11-06,12.5,12.5,12.5,12.5,0.0,0.0
2014-11-05,12.5,12.5,12.5,12.5,0.0,0.0
2014-11-04,12.5,12.5,12.5,12.5,0.0,0.0
2014-11-03,12.5,12.5,12.5,12.5,0.0,0.0
2014-10-31,12.5,12.5,12.5,12.5,-0.5,500.0
2014-10-30,13.0,14.0,14.0,13.0,-0.5,4600.0
2014-10-29,13.5,13.5,13.5,13.5,0.0,0.0
2014-10-28,13.5,13.5,13.5,13.5,0.0,0.0
2014-10-27,13.5,13.5,13.5,13.5,0.0,0.0
2014-10-24,13.5,13.5,13.5,13.5,0.0,0.0
2014-10-23,13.5,13.5,13.5,13.5,0.0,0.0
2014-10-22,13.5,13.5,13.5,13.5,0.0,0.0
2014-10-21,13.5,13.5,13.5,13.5,0.0,0.0
2014-10-20,13.5,13.5,13.5,13.5,0.0,0.0
2014-10-17,13.5,13.5,13.5,13.5,0.0,0.0
2014-10-16,13.5,13.5,13.5,13.5,0.3,600.0
2014-10-15,13.2,13.2,13.2,13.2,0.0,0.0
2014-10-14,13.2,13.2,13.2,13.2,0.0,0.0
2014-10-13,13.2,13.2,13.2,13.2,0.0,0.0
2014-10-10,13.2,13.2,13.2,13.2,1.2,200.0
2014-10-09,12.0,12.0,12.0,12.0,0.0,0.0
2014-10-08,12.0,12.0,12.0,12.0,0.0,0.0
2014-10-07,12.0,12.0,12.0,12.0,0.0,0.0
2014-10-06,12.0,12.0,12.0,12.0,0.0,0.0
2014-10-03,12.0,12.0,12.0,12.0,0.0,0.0
2014-10-02,12.0,12.0,12.0,12.0,0.0,0.0
2014-10-01,12.0,12.0,12.0,12.0,0.0,0.0
2014-09-30,12.0,12.0,12.0,12.0,0.0,0.0
2014-09-29,12.0,12.0,12.0,12.0,0.0,0.0
2014-09-26,12.0,12.0,12.0,12.0,0.0,0.0
2014-09-25,12.0,12.0,12.0,12.0,0.0,0.0
2014-09-24,12.0,12.0,12.0,12.0,0.0,0.0
2014-09-23,12.0,12.0,12.0,12.0,0.0,0.0
2014-09-22,12.0,12.0,12.0,12.0,0.0,0.0
2014-09-19,12.0,12.0,12.0,12.0,0.0,0.0
2014-09-18,12.0,12.0,12.0,12.0,0.0,0.0
2014-09-17,12.0,12.0,12.0,12.0,0.0,0.0
2014-09-16,12.0,12.0,12.0,12.0,0.0,0.0
2014-09-15,12.0,12.0,12.0,12.0,0.0,600.0
2014-09-12,12.0,12.0,12.0,12.0,0.0,0.0
2014-09-11,12.0,12.0,12.0,12.0,0.0,0.0
2014-09-10,12.0,12.0,12.0,12.0,0.0,0.0
2014-09-09,12.0,12.0,12.0,12.0,0.0,0.0
2014-09-08,15.0,15.0,15.0,15.0,3.0,25.0
2014-09-05,12.0,12.0,12.0,12.0,0.0,0.0
2014-09-04,12.0,12.0,12.0,12.0,0.0,0.0
2014-09-03,12.0,12.0,12.0,12.0,0.0,0.0
2014-08-29,12.0,12.0,12.0,12.0,0.0,0.0
2014-08-28,12.0,12.0,12.0,12.0,0.0,0.0
2014-08-27,12.0,12.0,12.0,12.0,0.0,0.0
2014-08-26,12.0,12.0,12.0,12.0,0.0,0.0
2014-08-25,12.0,12.0,12.0,12.0,0.0,0.0
2014-08-22,12.0,12.0,12.0,12.0,0.0,0.0
2014-08-21,12.0,12.0,12.0,12.0,0.0,0.0
2014-08-20,12.0,12.0,12.0,12.0,0.0,0.0
2014-08-19,12.0,12.0,12.0,12.0,0.0,0.0
2014-08-18,12.0,12.0,12.0,12.0,0.0,0.0
2014-08-15,12.0,12.0,12.0,12.0,0.0,0.0
2014-08-14,12.0,12.0,12.0,12.0,0.0,0.0
2014-08-13,12.0,12.0,12.0,12.0,0.0,0.0
2014-08-12,12.0,12.0,12.0,12.0,0.0,0.0
2014-08-11,15.0,15.0,15.0,15.0,0.0,0.0
2014-08-08,15.0,15.0,15.0,15.0,0.0,0.0
2014-08-07,15.0,15.0,15.0,15.0,0.0,0.0
2014-08-06,15.0,15.0,15.0,15.0,0.0,0.0
2014-08-05,15.0,15.0,15.0,15.0,0.0,0.0
2014-08-04,15.0,15.0,15.0,15.0,0.0,0.0
2014-08-01,15.0,15.0,15.0,15.0,0.0,0.0
2014-07-31,15.0,15.0,15.0,15.0,0.0,0.0
2014-07-30,15.0,15.0,15.0,15.0,0.0,0.0
2014-07-29,15.0,15.0,15.0,15.0,0.0,0.0
2014-07-28,15.0,15.0,15.0,15.0,0.0,0.0
2014-07-25,15.0,15.0,15.0,15.0,0.0,0.0
2014-07-24,15.0,15.0,15.0,15.0,0.0,0.0
2014-07-23,15.0,15.0,15.0,15.0,0.0,0.0
2014-07-22,15.0,15.0,15.0,15.0,-0.1,200.0
2014-07-21,15.1,15.1,15.1,15.1,0.0,0.0
2014-07-18,15.1,15.1,15.1,15.1,0.0,0.0
2014-07-17,15.1,15.1,15.1,15.1,0.0,0.0
2014-07-16,15.1,15.1,15.1,15.1,0.0,0.0
2014-07-15,15.1,15.1,15.1,15.1,0.0,0.0
2014-07-14,15.1,15.1,15.1,15.1,0.0,0.0
2014-07-11,15.1,15.1,15.1,15.1,0.0,0.0
2014-07-10,15.1,15.1,15.1,15.1,0.0,0.0
2014-07-09,15.1,15.1,15.1,15.1,0.0,0.0
2014-07-08,15.1,15.1,15.1,15.1,0.0,0.0
2014-07-07,15.1,15.1,15.1,15.1,0.0,0.0
2014-07-04,15.1,15.1,15.1,15.1,0.0,0.0
2014-07-03,15.1,15.1,15.1,15.1,0.0,0.0
2014-07-02,15.1,15.1,15.1,15.1,0.0,0.0
2014-07-01,15.1,15.1,15.1,15.1,0.0,0.0
2014-06-30,15.1,15.1,15.1,15.1,0.0,0.0
2014-06-27,15.1,15.1,15.1,15.1,0.0,0.0
2014-06-26,15.1,15.1,15.1,15.1,0.0,0.0
2014-06-25,15.1,15.1,15.1,15.1,0.0,0.0
2014-06-24,15.1,15.1,15.1,15.1,0.0,0.0
2014-06-23,15.1,15.1,15.1,15.1,0.0,0.0
2014-06-20,15.1,15.1,15.1,15.1,0.0,0.0
2014-06-19,15.1,15.1,15.1,15.1,0.0,0.0
2014-06-18,15.1,15.1,15.1,15.1,0.0,0.0
2014-06-17,15.1,15.1,15.1,15.1,0.0,0.0
2014-06-16,15.1,15.0,15.1,15.0,0.1,1400.0
2014-06-13,15.0,15.0,15.0,15.0,0.0,0.0
2014-06-12,15.0,15.0,15.0,15.0,0.0,0.0
2014-06-11,15.0,15.0,15.0,15.0,0.0,0.0
2014-06-10,15.0,15.0,15.0,15.0,0.0,0.0
2014-06-09,15.0,15.0,15.0,15.0,0.0,0.0
2014-06-06,15.0,15.0,15.0,15.0,0.0,0.0
2014-06-05,15.0,15.0,15.0,15.0,0.0,0.0
2014-06-04,15.0,15.0,15.0,15.0,0.0,0.0
2014-06-03,15.0,15.0,15.0,15.0,0.0,0.0
2014-06-02,15.0,15.0,15.0,15.0,0.0,0.0
2014-05-30,15.0,15.0,15.0,15.0,0.0,0.0
2014-05-29,15.0,15.0,15.0,15.0,0.0,0.0
2014-05-28,15.0,15.0,15.0,15.0,0.0,0.0
2014-05-27,15.0,15.0,15.0,15.0,0.0,0.0
2014-05-26,15.0,15.0,15.0,15.0,0.0,0.0
2014-05-23,15.0,15.0,15.0,15.0,0.0,0.0
2014-05-22,15.0,15.0,15.0,15.0,0.0,0.0
2014-05-21,15.0,15.0,15.0,15.0,0.0,0.0
2014-05-20,15.0,15.0,15.0,15.0,0.0,0.0
2014-05-19,15.0,15.0,15.0,15.0,0.0,0.0
2014-05-16,15.0,15.0,15.0,15.0,0.0,0.0
2014-05-15,15.0,15.0,15.0,15.0,0.0,0.0
2014-05-14,15.0,15.0,15.0,15.0,0.0,0.0
2014-05-13,15.0,15.0,15.0,15.0,0.0,0.0
2014-05-12,15.0,15.0,15.0,15.0,0.0,0.0
2014-05-09,15.0,15.0,15.0,15.0,0.0,0.0
2014-05-08,15.0,15.0,15.0,15.0,0.0,0.0
2014-05-07,15.0,15.0,15.0,15.0,-0.9,2000.0
2014-05-06,15.9,15.9,15.9,15.9,0.0,0.0
2014-05-05,15.9,15.9,15.9,15.9,0.0,0.0
2014-04-29,15.9,15.9,15.9,15.9,0.0,0.0
2014-04-28,15.9,15.9,15.9,15.9,0.0,0.0
2014-04-25,15.9,15.9,15.9,15.9,0.0,0.0
2014-04-24,15.9,15.9,15.9,15.9,0.0,0.0
2014-04-23,15.9,15.9,15.9,15.9,0.0,0.0
2014-04-22,15.9,15.9,15.9,15.9,1.4,4000.0
2014-04-21,14.5,14.5,14.5,14.5,0.6,2000.0
2014-04-18,13.9,13.9,13.9,13.9,0.0,0.0
2014-04-17,13.9,13.9,13.9,13.9,0.0,0.0
2014-04-16,13.9,13.9,13.9,13.9,0.0,0.0
2014-04-15,13.9,13.9,13.9,13.9,0.0,0.0
2014-04-14,13.9,13.9,13.9,13.9,0.0,0.0
2014-04-11,13.9,13.9,13.9,13.9,0.0,0.0
2014-04-10,13.9,13.9,13.9,13.9,0.0,0.0
2014-04-08,13.9,13.9,13.9,13.9,0.0,0.0
2014-04-07,13.9,13.9,13.9,13.9,0.0,0.0
2014-04-04,13.9,13.9,13.9,13.9,0.0,0.0
2014-04-03,13.9,13.9,13.9,13.9,0.0,0.0
2014-04-02,13.9,13.9,13.9,13.9,-0.7,5000.0
2014-04-01,14.6,14.6,14.6,14.6,-1.4,100.0
2014-03-31,16.0,16.0,16.0,16.0,1.4,300.0
2014-03-28,14.6,14.6,14.6,14.6,-1.6,100.0
2014-03-27,16.2,16.2,16.2,16.2,0.0,0.0
2014-03-26,16.2,16.2,16.2,16.2,0.0,0.0
2014-03-25,16.2,16.2,16.2,16.2,-1.7,100.0
2014-03-24,17.9,17.9,17.9,17.9,0.0,0.0
2014-03-21,17.9,17.8,17.9,17.8,1.6,1300.0
2014-03-20,16.3,16.3,16.3,16.3,0.0,0.0
2014-03-19,16.3,16.3,16.3,16.3,0.1,200.0
2014-03-18,16.2,16.2,16.2,16.2,0.0,0.0
2014-03-17,16.2,16.2,16.2,16.2,-0.2,840.0
2014-03-14,16.4,16.4,16.4,16.4,1.4,2100.0
2014-03-13,15.0,17.3,17.3,15.0,-1.5,300.0
2014-03-12,16.5,16.5,16.5,16.5,0.0,0.0
2014-03-11,16.5,16.5,16.5,16.5,-1.8,100.0
2014-03-10,19.5,16.2,19.5,16.2,1.5,1300.0
2014-03-07,18.0,18.0,18.0,18.0,1.6,100.0
2014-03-06,16.4,16.4,16.4,16.4,0.0,0.0
2014-03-05,16.4,16.4,16.4,16.4,1.4,100.0
2014-03-04,15.0,15.0,15.0,15.0,0.0,0.0
2014-03-03,15.0,15.0,15.0,15.0,0.0,0.0
2014-02-28,15.0,15.0,15.0,15.0,0.0,0.0
2014-02-27,15.0,15.0,15.0,15.0,0.0,0.0
2014-02-26,15.0,15.0,15.0,15.0,0.0,0.0
2014-02-25,15.0,14.6,15.0,14.6,-0.4,4900.0
2014-02-24,15.4,15.4,15.4,15.4,-1.7,100.0
2014-02-21,17.1,17.1,17.1,17.1,0.0,0.0
2014-02-20,17.1,17.1,17.1,17.1,1.3,100.0
2014-02-19,15.8,15.8,15.8,15.8,0.9,100.0
2014-02-18,14.9,14.9,14.9,14.9,0.0,0.0
2014-02-17,14.9,14.9,14.9,14.9,0.0,0.0
2014-02-14,14.9,14.9,14.9,14.9,0.0,0.0
2014-02-13,14.9,14.9,14.9,14.9,1.3,500.0
2014-02-12,13.6,13.6,13.6,13.6,0.0,0.0
2014-02-11,13.6,13.6,13.6,13.6,0.0,0.0
2014-02-10,13.6,14.5,14.5,13.6,-1.2,2500.0
2014-02-07,14.8,14.8,14.8,14.8,0.0,0.0
2014-02-06,14.8,14.8,14.8,14.8,0.0,0.0
2014-01-27,14.8,14.8,14.8,14.8,0.0,2700.0
2014-01-24,14.8,14.8,14.8,14.8,0.0,0.0
2014-01-23,14.8,14.8,14.8,14.8,0.0,0.0
2014-01-22,14.8,14.8,14.8,14.8,0.0,100.0
2014-01-21,14.8,14.8,14.8,14.8,0.0,0.0
2014-01-20,14.8,14.8,14.8,14.8,0.0,0.0
2014-01-17,14.8,14.8,14.8,14.8,0.0,20.0
2014-01-16,14.8,14.8,14.8,14.8,0.0,0.0
2014-01-15,14.8,14.8,14.8,14.8,0.0,0.0
2014-01-14,14.8,14.8,14.8,14.8,0.0,0.0
2014-01-13,14.8,14.8,14.8,14.8,0.0,0.0
2014-01-10,14.8,14.8,14.8,14.8,1.3,1000.0
2014-01-09,13.5,13.5,13.5,13.5,0.0,0.0
2014-01-08,13.5,13.5,13.5,13.5,0.0,0.0
2014-01-07,13.5,13.5,13.5,13.5,0.0,0.0
2014-01-06,13.5,13.5,13.5,13.5,0.0,0.0
2014-01-03,13.5,13.5,13.5,13.5,0.0,0.0
2014-01-02,13.5,13.5,13.5,13.5,0.0,80.0
2013-12-31,13.5,13.5,13.5,13.5,0.0,0.0
2013-12-30,13.5,13.5,13.5,13.5,0.0,0.0
2013-12-27,13.5,13.5,13.5,13.5,0.0,0.0
2013-12-26,13.5,13.5,13.5,13.5,0.0,0.0
2013-12-25,13.5,13.5,13.5,13.5,0.0,0.0
2013-12-24,13.5,13.5,13.5,13.5,-0.7,100.0
2013-12-23,14.2,14.2,14.2,14.2,0.0,0.0
2013-12-20,14.2,14.2,14.2,14.2,1.2,300.0
2013-12-19,13.0,13.0,13.0,13.0,0.0,0.0
2013-12-18,13.0,13.0,13.0,13.0,0.0,0.0
2013-12-17,13.0,13.0,13.0,13.0,0.0,0.0
2013-12-16,13.0,13.0,13.0,13.0,0.0,0.0
2013-12-13,13.0,13.0,13.0,13.0,0.0,0.0
2013-12-12,13.0,13.0,13.0,13.0,0.0,0.0
2013-12-11,13.0,13.0,13.0,13.0,0.0,0.0
2013-12-10,13.0,13.0,13.0,13.0,0.0,0.0
2013-12-09,13.0,13.0,13.0,13.0,0.0,0.0
2013-12-06,13.0,13.0,13.0,13.0,0.0,0.0
2013-12-05,13.0,13.0,13.0,13.0,0.0,0.0
2013-12-04,13.0,13.0,13.0,13.0,0.0,0.0
2013-12-03,13.0,13.0,13.0,13.0,0.0,0.0
2013-12-02,13.0,13.0,13.0,13.0,0.0,0.0
2013-11-29,13.0,13.0,13.0,13.0,0.0,0.0
2013-11-28,13.0,13.0,13.0,13.0,0.0,0.0
2013-11-27,13.0,13.0,13.0,13.0,0.0,0.0
2013-11-26,13.0,13.0,13.0,13.0,0.0,0.0
2013-11-25,13.0,13.0,13.0,13.0,0.0,0.0
2013-11-22,13.0,13.0,13.0,13.0,0.5,100.0
2013-11-21,12.5,12.5,12.5,12.5,0.0,0.0
2013-11-20,12.5,12.5,12.5,12.5,0.0,0.0
2013-11-19,12.5,12.5,12.5,12.5,0.0,0.0
2013-11-18,12.5,14.0,14.0,12.5,-0.5,700.0
2013-11-15,13.0,13.0,13.0,13.0,0.0,0.0
2013-11-14,13.0,13.0,13.0,13.0,0.0,0.0
2013-11-13,13.0,13.0,13.0,13.0,0.0,0.0
2013-11-12,13.0,13.0,13.0,13.0,0.0,300.0
2013-11-11,13.0,13.0,13.0,13.0,0.0,0.0
2013-11-08,13.0,13.0,13.0,13.0,0.0,0.0
2013-11-07,13.0,13.0,13.0,13.0,0.0,0.0
2013-11-06,13.0,13.0,13.0,13.0,0.0,0.0
2013-11-05,13.0,13.0,13.0,13.0,0.0,0.0
2013-11-04,13.0,13.0,13.0,13.0,0.0,0.0
2013-11-01,13.0,13.0,13.0,13.0,0.0,0.0
2013-10-31,13.0,13.0,13.0,13.0,0.0,0.0
2013-10-30,13.0,13.0,13.0,13.0,0.0,0.0
2013-10-29,13.0,13.0,13.0,13.0,0.0,0.0
2013-10-28,13.0,13.0,13.0,13.0,0.0,0.0
2013-10-25,13.0,13.0,13.0,13.0,0.0,0.0
2013-10-24,13.0,13.0,13.0,13.0,0.0,0.0
2013-10-23,13.0,13.0,13.0,13.0,0.0,0.0
2013-10-22,13.0,13.0,13.0,13.0,0.0,0.0
2013-10-21,13.0,13.0,13.0,13.0,0.0,0.0
2013-10-18,13.0,13.0,13.0,13.0,0.0,0.0
2013-10-17,13.0,13.0,13.0,13.0,0.0,0.0
2013-10-16,13.0,13.0,13.0,13.0,0.0,0.0
2013-10-15,13.0,13.0,13.0,13.0,0.5,100.0
2013-10-14,12.5,12.5,12.5,12.5,0.0,0.0
2013-10-11,12.5,12.5,12.5,12.5,0.0,0.0
2013-10-10,12.5,12.5,12.5,12.5,0.0,0.0
2013-10-09,12.5,12.5,12.5,12.5,0.0,0.0
2013-10-08,12.5,12.5,12.5,12.5,0.0,0.0
2013-10-07,12.5,12.5,12.5,12.5,0.0,0.0
2013-10-04,12.5,12.5,12.5,12.5,0.0,0.0
2013-10-03,12.5,12.5,12.5,12.5,0.0,0.0
2013-10-02,12.5,12.5,12.5,12.5,0.3,100.0
2013-10-01,12.2,12.2,12.2,12.2,0.0,0.0
2013-09-30,12.2,12.2,12.2,12.2,0.0,0.0
2013-09-27,12.2,12.2,12.2,12.2,0.0,0.0
2013-09-26,12.2,12.2,12.2,12.2,0.0,0.0
2013-09-25,12.2,12.2,12.2,12.2,0.0,0.0
2013-09-24,12.2,12.2,12.2,12.2,-1.3,1000.0
2013-09-23,13.5,13.5,13.5,13.5,0.0,0.0
2013-09-20,13.5,13.5,13.5,13.5,0.0,0.0
2013-09-19,13.5,13.5,13.5,13.5,0.0,0.0
2013-09-18,13.5,13.5,13.5,13.5,0.0,0.0
2013-09-17,13.5,13.5,13.5,13.5,0.0,0.0
2013-09-16,13.5,13.5,13.5,13.5,0.0,0.0
2013-09-13,13.5,13.5,13.5,13.5,0.0,0.0
2013-09-12,13.5,13.5,13.5,13.5,0.0,0.0
2013-09-11,13.5,13.5,13.5,13.5,0.0,0.0
2013-09-10,13.5,13.5,13.5,13.5,0.0,0.0
2013-09-09,13.5,13.5,13.5,13.5,0.0,0.0
2013-09-06,13.5,13.5,13.5,13.5,0.0,0.0
2013-09-05,13.5,13.5,13.5,13.5,0.0,0.0
2013-09-04,13.5,13.5,13.5,13.5,0.0,0.0
2013-09-03,13.5,13.5,13.5,13.5,0.0,0.0
2013-08-30,13.5,13.5,13.5,13.5,0.0,0.0
2013-08-29,13.5,13.5,13.5,13.5,0.0,0.0
2013-08-28,13.5,13.5,13.5,13.5,0.0,0.0
2013-08-27,13.5,13.5,13.5,13.5,0.0,0.0
2013-08-26,13.5,13.5,13.5,13.5,0.0,0.0
2013-08-23,13.5,13.5,13.5,13.5,0.0,0.0
2013-08-22,13.5,13.5,13.5,13.5,0.0,0.0
2013-08-21,13.5,13.5,13.5,13.5,0.0,0.0
2013-08-20,13.5,13.5,13.5,13.5,0.0,0.0
2013-08-19,13.5,13.5,13.5,13.5,0.0,0.0
2013-08-16,13.5,13.5,13.5,13.5,0.0,0.0
2013-08-15,13.5,13.5,13.5,13.5,0.0,0.0
2013-08-14,13.5,13.5,13.5,13.5,0.0,0.0
2013-08-13,13.5,13.5,13.5,13.5,0.0,0.0
2013-08-12,13.5,13.5,13.5,13.5,0.0,0.0
2013-08-09,13.5,13.5,13.5,13.5,0.0,0.0
2013-08-08,13.5,13.5,13.5,13.5,0.0,0.0
2013-08-07,13.5,13.5,13.5,13.5,0.0,0.0
2013-08-06,13.5,13.5,13.5,13.5,0.0,0.0
2013-08-05,13.5,13.5,13.5,13.5,0.0,0.0
2013-08-02,13.5,13.5,13.5,13.5,0.0,0.0
2013-08-01,13.5,13.5,13.5,13.5,0.0,0.0
2013-07-31,13.5,13.5,13.5,13.5,0.0,0.0
2013-07-30,13.5,13.5,13.5,13.5,0.0,0.0
2013-07-29,13.5,13.5,13.5,13.5,0.0,0.0
2013-07-26,13.5,13.5,13.5,13.5,0.0,0.0
2013-07-25,13.5,13.5,13.5,13.5,0.0,0.0
2013-07-24,13.5,13.5,13.5,13.5,0.0,0.0
2013-07-23,13.5,13.5,13.5,13.5,0.0,0.0
2013-07-22,13.5,13.5,13.5,13.5,0.0,0.0
2013-07-19,13.5,13.5,13.5,13.5,-1.4,700.0
2013-07-18,14.9,14.9,14.9,14.9,0.0,0.0
2013-07-17,14.9,14.9,14.9,14.9,0.0,0.0
2013-07-16,14.9,14.9,14.9,14.9,0.0,0.0
2013-07-15,14.9,14.9,14.9,14.9,0.0,0.0
2013-07-12,14.9,14.9,14.9,14.9,0.0,0.0
2013-07-11,14.9,14.9,14.9,14.9,0.0,0.0
2013-07-10,14.9,14.9,14.9,14.9,0.0,0.0
2013-07-09,14.9,14.9,14.9,14.9,1.3,2000.0
2013-07-08,13.6,13.6,13.6,13.6,0.0,0.0
2013-07-05,13.6,13.6,13.6,13.6,0.0,0.0
2013-07-04,13.6,13.6,13.6,13.6,0.0,0.0
2013-07-03,13.6,13.6,13.6,13.6,0.0,0.0
2013-07-02,13.6,13.6,13.6,13.6,0.0,0.0
2013-07-01,13.6,13.6,13.6,13.6,0.0,0.0
2013-06-28,13.6,13.6,13.6,13.6,0.0,0.0
2013-06-27,13.6,13.6,13.6,13.6,-1.4,8600.0
2013-06-26,15.0,15.0,15.0,15.0,0.0,0.0
2013-06-25,15.0,15.0,15.0,15.0,0.0,0.0
2013-06-24,15.0,15.0,15.0,15.0,0.0,0.0
2013-06-21,15.0,15.0,15.0,15.0,0.0,0.0
2013-06-20,15.0,15.0,15.0,15.0,0.0,0.0
2013-06-19,15.0,15.0,15.0,15.0,0.0,0.0
2013-06-18,15.0,15.0,15.0,15.0,0.0,0.0
2013-06-17,15.0,15.0,15.0,15.0,0.0,0.0
2013-06-14,15.0,15.0,15.0,15.0,0.0,0.0
2013-06-13,15.0,15.0,15.0,15.0,0.0,0.0
2013-06-12,15.0,15.0,15.0,15.0,0.0,0.0
2013-06-11,15.0,15.0,15.0,15.0,0.0,0.0
2013-06-10,15.0,15.0,15.0,15.0,0.0,0.0
2013-06-07,15.0,15.0,15.0,15.0,0.0,0.0
2013-06-06,15.0,15.0,15.0,15.0,0.0,0.0
2013-06-05,15.0,15.0,15.0,15.0,0.0,0.0
2013-06-04,15.0,15.0,15.0,15.0,0.0,0.0
2013-06-03,15.0,15.0,15.0,15.0,0.0,0.0
2013-05-31,15.0,15.0,15.0,15.0,0.0,0.0
2013-05-30,15.0,15.9,15.9,15.0,0.3,800.0
2013-05-29,14.7,14.7,14.7,14.7,0.0,0.0
2013-05-28,14.7,14.7,14.7,14.7,0.0,200.0
2013-05-27,14.7,14.7,14.7,14.7,0.2,200.0
2013-05-24,14.5,14.5,14.5,14.5,-0.5,300.0
2013-05-23,15.0,15.0,15.0,15.0,0.0,0.0
2013-05-22,15.0,13.7,15.0,13.7,1.3,1300.0
2013-05-21,13.7,13.7,13.7,13.7,1.2,100.0
2013-05-20,12.5,12.5,12.5,12.5,0.0,0.0
2013-05-17,12.5,12.5,12.5,12.5,0.0,0.0
2013-05-16,12.5,12.5,12.5,12.5,0.0,0.0
2013-05-15,12.5,12.5,12.5,12.5,0.0,0.0
2013-05-14,12.5,12.5,12.5,12.5,0.0,0.0
2013-05-13,12.5,12.5,12.5,12.5,0.0,0.0
2013-05-10,12.5,12.5,12.5,12.5,0.0,0.0
2013-05-09,12.5,12.5,12.5,12.5,0.0,0.0
2013-05-08,12.5,12.5,12.5,12.5,0.0,0.0
2013-05-07,12.5,12.5,12.5,12.5,-0.5,4000.0
2013-05-06,13.0,13.0,13.0,13.0,0.0,0.0
2013-05-03,13.0,13.0,13.0,13.0,0.0,4200.0
2013-05-02,13.0,15.6,15.6,13.0,-1.4,1500.0
2013-04-26,14.4,14.4,14.4,14.4,0.0,0.0
2013-04-25,14.4,14.4,14.4,14.4,0.0,0.0
2013-04-24,14.4,14.4,14.4,14.4,0.0,0.0
2013-04-23,14.4,14.4,14.4,14.4,0.0,0.0
2013-04-22,14.4,14.4,14.4,14.4,0.0,0.0
2013-04-18,14.4,14.4,14.4,14.4,0.0,0.0
2013-04-17,14.4,14.4,14.4,14.4,0.0,0.0
2013-04-16,14.4,14.4,14.4,14.4,0.0,0.0
2013-04-15,14.4,14.4,14.4,14.4,0.0,0.0
2013-04-12,14.4,14.4,14.4,14.4,0.0,0.0
2013-04-11,14.4,14.4,14.4,14.4,0.0,0.0
2013-04-10,14.4,14.4,14.4,14.4,-1.1,1400.0
2013-04-09,15.5,15.5,15.5,15.5,0.0,0.0
2013-04-08,15.5,15.5,15.5,15.5,0.0,0.0
2013-04-05,15.5,15.5,15.5,15.5,0.0,0.0
2013-04-04,15.5,15.5,15.5,15.5,0.0,0.0
2013-04-03,15.5,15.5,15.5,15.5,0.0,0.0
2013-04-02,15.5,15.5,15.5,15.5,0.0,0.0
2013-04-01,15.5,15.5,15.5,15.5,0.0,0.0
2013-03-29,15.5,15.5,15.5,15.5,0.0,0.0
2013-03-28,15.5,15.5,15.5,15.5,0.0,0.0
2013-03-27,15.5,15.5,15.5,15.5,0.0,0.0
2013-03-26,15.5,15.5,15.5,15.5,0.0,0.0
2013-03-25,15.5,15.5,15.5,15.5,0.4,400.0
2013-03-22,15.1,15.1,15.1,15.1,0.0,0.0
2013-03-21,15.1,15.1,15.1,15.1,0.0,0.0
2013-03-20,15.1,15.1,15.1,15.1,0.0,0.0
2013-03-19,15.1,15.1,15.1,15.1,0.0,0.0
2013-03-18,15.1,15.1,15.1,15.1,0.0,0.0
2013-03-15,15.1,15.1,15.1,15.1,-0.8,100.0
2013-03-14,15.9,15.8,15.9,15.8,1.1,600.0
2013-03-13,14.8,14.8,14.8,14.8,0.0,0.0
2013-03-12,14.8,14.8,14.8,14.8,0.0,0.0
2013-03-11,16.2,16.2,16.2,16.2,0.2,500.0
2013-03-08,16.0,16.0,16.0,16.0,0.0,0.0
2013-03-07,16.0,16.0,16.0,16.0,0.0,0.0
2013-03-06,16.0,16.0,16.0,16.0,0.0,0.0
2013-03-05,16.0,16.0,16.0,16.0,0.0,0.0
2013-03-04,16.0,16.0,16.0,16.0,1.0,500.0
2013-03-01,15.0,15.0,15.0,15.0,0.0,0.0
2013-02-28,15.0,15.0,15.0,15.0,0.0,0.0
2013-02-27,15.0,15.0,15.0,15.0,0.0,0.0
2013-02-26,15.0,15.0,15.0,15.0,0.0,0.0
2013-02-25,15.0,15.0,15.0,15.0,0.0,0.0
2013-02-22,15.0,15.0,15.0,15.0,0.0,0.0
2013-02-21,15.0,15.0,15.0,15.0,0.0,0.0
2013-02-20,15.0,15.0,15.0,15.0,0.0,0.0
2013-02-19,15.0,15.0,15.0,15.0,0.0,0.0
2013-02-18,15.0,15.0,15.0,15.0,0.0,1100.0
2013-02-08,15.0,15.0,15.0,15.0,0.0,3500.0
2013-02-07,15.0,15.0,15.0,15.0,0.0,0.0
2013-02-06,15.0,15.0,15.0,15.0,0.0,0.0
2013-02-05,15.0,15.0,15.0,15.0,0.0,0.0
2013-02-04,15.0,15.0,15.0,15.0,0.0,0.0
2013-02-01,15.0,15.0,15.0,15.0,0.0,0.0
2013-01-31,15.0,15.0,15.0,15.0,0.0,0.0
2013-01-30,15.0,15.0,15.0,15.0,0.0,0.0
2013-01-29,15.0,15.0,15.0,15.0,0.0,0.0
2013-01-28,15.0,15.0,15.0,15.0,-0.1,100.0
2013-01-25,15.1,15.1,15.1,15.1,0.0,800.0
2013-01-24,15.1,15.1,15.1,15.1,0.0,0.0
2013-01-23,15.1,15.1,15.1,15.1,0.0,0.0
2013-01-22,15.1,15.1,15.1,15.1,0.0,0.0
2013-01-21,15.1,15.1,15.1,15.1,0.0,0.0
2013-01-18,15.1,15.1,15.1,15.1,0.0,0.0
2013-01-17,15.1,15.1,15.1,15.1,1.3,1000.0
2013-01-16,13.8,13.8,13.8,13.8,1.2,100.0
2013-01-15,12.6,12.1,12.6,12.1,1.1,200.0
2013-01-14,11.5,11.5,11.5,11.5,0.0,0.0
2013-01-11,11.5,11.5,11.5,11.5,0.0,0.0
2013-01-10,11.5,11.5,11.5,11.5,0.3,200.0
2013-01-09,11.2,11.2,11.2,11.2,0.0,0.0
2013-01-08,11.2,11.2,11.2,11.2,0.0,0.0
2013-01-07,11.2,11.2,11.2,11.2,0.0,0.0
2013-01-04,11.2,11.2,11.2,11.2,0.0,0.0
2013-01-03,11.2,11.2,11.2,11.2,0.0,0.0
2013-01-02,11.2,11.2,11.2,11.2,0.0,0.0
